zipCode,zipCount
77030,1081
10065,660
02215,611
63110,508
19104,396
60637,366
02114,362
37203,358
90095,341
55905,337
80045,337
98109,328
30322,327
60611,313
43210,313
48201,301
46202,299
48109,297
33612,287
02115,282
91010,277
44195,267
44106,265
37232,264
27710,260
08035,257
78229,254
90033,254
92093,246
10032,242
53226,238
75390,238
80218,228
29605,227
96813,222
14263,222
60612,218
94305,216
73104,214
99508,213
97239,210
94115,208
07601,204
84112,203
21287,202
15232,199
19111,194
98405,192
20892,189
27599,189
67214,182
53792,172
19107,170
19713,169
40202,168
33136,168
49503,168
92868,165
27157,165
20007,158
55455,156
21201,156
52242,154
06520,154
10029,152
14642,152
10016,151
97213,150
29425,150
94143,147
98104,147
75246,146
48202,143
03756,140
10021,134
76104,132
62526,131
48106,130
49007,127
80131,127
10461,126
94805,126
90048,125
61615,125
50309,124
63141,123
45242,121
28041,121
59101,120
96817,119
89128,119
89169,118
21231,118
17033,117
28050,117
95817,117
32806,116
28040,116
10467,115
94304,113
08036,113
62702,112
28204,112
20133,109
61801,109
85259,107
58122,107
70112,106
31059,106
48236,106
28034,106
30342,105
65804,104
55416,103
90027,102
54301,102
23298,101
66205,101
20010,100
40138,100
15213,99
48503,99
41013,99
35294,98
11042,98
48341,98
89148,98
67208,97
22031,96
68198,96
03080,96
35233,95
32224,95
69120,94
20141,94
13210,94
55805,94
43015,93
48093,92
50314,92
05505,92
90404,92
11725,92
32610,92
68114,92
27534,92
68130,91
22908,91
39216,91
48073,91
60153,90
30912,90
89052,90
40536,90
85258,90
06510,88
55407,88
70809,88
70121,87
55109,87
66160,87
08903,86
43214,86
61354,85
75230,85
65401,85
69373,85
72205,85
10604,85
89106,84
59405,84
61350,83
61401,82
01307,81
92123,81
63703,80
38120,80
96701,79
26506,79
29615,79
98195,79
98122,78
95661,78
61554,78
29010,78
94589,77
72076,77
80907,77
69495,77
58501,77
45840,77
54449,77
46601,76
37404,76
65807,76
98101,75
03722,75
06351,75
95403,74
87102,74
97015,73
49085,73
79106,73
33140,73
80124,73
89081,72
64804,72
46010,72
68510,72
10126,72
45229,71
60201,71
59037,71
30625,71
29414,71
31008,71
54303,71
28007,71
46545,71
50325,71
62401,71
21204,70
80012,70
50010,70
11794,70
80220,70
74146,70
02903,69
16132,69
45219,69
44124,69
80228,69
38138,69
91505,68
80501,68
85719,67
89109,67
59901,67
45409,67
32207,67
94010,67
54143,66
08916,66
29601,66
43623,66
67401,66
50009,66
28046,66
33705,66
29303,65
75702,65
50266,65
48154,65
54476,65
33021,65
94609,65
17822,65
43215,65
83706,65
33916,64
28203,64
80138,64
31405,64
59802,64
43219,64
53188,63
38105,63
43055,63
98105,63
31404,63
44718,63
47014,63
20132,63
99336,62
15224,62
54701,62
48912,62
98310,61
54601,61
97225,61
33076,61
83642,61
35128,61
64108,61
89074,61
45415,61
55433,60
20089,60
32803,60
55101,60
61637,60
64111,60
45373,60
75235,59
55404,59
20246,59
45331,59
45005,59
57105,59
49201,58
07920,58
57104,58
51101,58
75231,58
98201,58
45147,58
19718,58
55102,57
82414,57
92037,57
83712,57
46237,56
02111,56
50937,56
80113,56
64132,56
46260,56
55435,56
08003,56
97227,56
37007,56
94040,56
95816,55
48060,55
46026,54
13353,54
20817,54
29672,54
85724,54
55432,54
55131,53
44805,53
94611,53
61530,53
98684,53
48601,53
54868,53
19958,53
87106,53
55125,52
61265,52
75475,52
81675,52
59715,52
99204,52
98902,51
81377,51
00168,51
60426,51
60590,51
45429,51
06105,51
43130,51
60714,51
62321,51
57117,51
53066,51
11000,50
92835,50
48162,50
27100,50
98370,50
02905,50
61520,50
72703,50
61455,50
23502,50
44111,49
84106,49
30607,49
97080,49
15212,49
93720,49
08103,49
83301,49
45267,49
64239,49
61761,49
01805,48
54401,48
53081,48
61356,48
99216,48
63131,48
08907,48
67156,47
61701,47
67152,47
67357,47
67114,47
59102,47
67068,47
90025,47
21215,47
04074,47
67301,47
67801,47
66720,47
62781,47
83686,47
92354,47
28546,47
54494,47
30060,47
06050,47
67042,46
89144,46
67124,46
45459,46
99218,46
44060,46
20162,46
66701,46
85054,46
08901,46
06102,46
08043,45
55415,45
98112,45
48124,45
07748,45
15006,45
66044,45
91120,45
20889,45
07962,45
12208,45
55422,45
68122,45
11040,44
44093,44
33308,44
97701,44
54481,44
68124,44
34232,44
49100,44
27103,44
27705,44
81301,44
30308,44
90603,44
96826,44
49102,44
59601,44
45406,43
48334,43
82801,43
46360,43
70006,43
33604,43
62864,43
53100,43
13385,43
55337,43
52621,43
28801,43
94080,43
43537,43
89102,43
65109,43
66606,43
94158,43
46514,43
85234,42
37920,42
44122,42
33486,42
19096,42
18103,42
85016,42
63109,42
45236,42
27514,42
35033,42
10003,42
07960,41
19611,41
98664,41
08908,41
35249,41
29307,41
94704,41
61443,41
00161,41
56201,41
85013,41
70433,41
47374,41
55387,41
18711,41
11501,41
76508,41
10000,41
02118,41
05405,41
90024,40
59701,40
49444,40
29650,40
55082,40
43560,40
32504,40
45505,40
28222,40
98225,40
40207,40
60068,40
83854,40
55379,40
91054,40
54548,40
33701,39
18840,39
45601,39
77024,39
28328,39
98801,39
54235,39
49684,39
49017,39
62226,39
28791,39
98372,39
19001,39
32256,39
43205,39
60555,39
83814,39
43701,39
56073,38
44304,38
95051,38
65613,38
20016,38
94538,38
97132,38
46526,38
46009,38
51104,38
16801,38
18201,38
10043,38
60076,38
18015,38
43616,38
28078,38
21205,38
21237,38
13620,37
56601,37
54501,37
87131,37
89502,37
98029,37
06100,37
68167,37
53215,37
41017,37
27403,37
80401,37
33901,37
60521,37
04103,37
43606,37
90035,37
52403,37
67905,36
43081,36
99202,36
49221,36
27834,36
97210,36
99362,36
45420,36
62801,36
97477,36
28033,36
29640,36
80210,36
45122,36
75010,36
97045,36
31201,36
10408,35
49677,35
50316,35
01655,35
05401,35
78217,35
48149,35
24105,35
45750,35
06120,35
57701,35
85704,35
43228,35
43050,35
54511,35
96819,35
45662,35
32804,35
93454,35
46014,35
54221,35
37916,35
50134,34
44870,34
43222,34
24127,34
66209,34
00144,34
01199,34
44035,34
71913,34
54311,34
11217,34
98026,34
93309,34
14004,34
30033,34
61704,34
29607,34
66210,33
60504,33
83619,33
44109,33
72401,33
31096,33
98166,33
13273,33
45220,33
23507,33
25030,33
10002,33
98503,33
48346,33
45042,33
73120,33
80539,33
11527,32
33176,32
08041,32
56303,32
98107,32
54017,32
23230,32
84403,32
80631,32
61832,32
59020,32
61938,32
63127,32
45230,32
33442,32
48118,32
33081,32
78705,32
19803,32
33075,32
76022,32
43614,32
91030,32
94596,32
34295,32
68131,32
55454,32
98632,32
55350,31
62902,31
06591,31
67091,31
83864,31
14784,31
19971,31
92103,31
48075,31
90610,31
33324,31
85715,31
64131,31
04401,31
52722,31
11030,31
60451,31
40447,31
10700,31
33805,31
45714,31
15706,31
28009,31
92708,31
95825,31
10595,31
21921,31
10400,31
18017,31
30501,31
81004,31
81008,31
80033,31
33401,31
68803,31
29621,30
67460,30
48188,30
98531,30
96766,30
48098,30
48114,30
95119,30
79410,30
35805,30
98221,30
29572,30
77555,30
61636,30
80301,30
11553,30
63080,30
33028,30
80122,30
08025,30
80260,30
10591,30
46845,30
08208,30
25123,30
63628,30
94903,30
34298,30
40705,29
90403,29
35100,29
40503,29
59804,29
28501,29
21079,29
94063,29
65616,29
60035,29
29401,29
53105,29
45014,29
10330,29
45211,29
20900,29
53227,29
74136,29
66213,29
64086,29
99208,28
49120,28
36608,28
97062,28
19140,28
68106,28
47905,28
06189,28
28374,28
71103,28
93105,28
97420,28
17325,28
66208,28
90806,28
80120,28
94608,28
76038,28
19801,28
28025,28
63670,28
11570,28
44281,28
68847,27
17403,27
84107,27
90277,27
19301,27
06360,27
44145,27
61070,27
56126,27
84132,27
45202,27
60126,27
92801,27
68506,27
20850,27
40701,27
94904,27
95823,27
80304,26
64507,26
92879,26
60540,26
30318,26
95687,26
54154,26
33908,26
90110,26
22927,26
15009,26
64154,26
64068,26
98003,26
19010,26
43608,26
81501,26
80524,26
49048,26
89113,26
89119,26
78731,26
92120,26
24014,26
48532,26
64118,26
38043,26
66219,26
67530,26
60560,26
85224,26
19973,26
54904,26
12801,25
63011,25
98133,25
53211,25
63376,25
46391,25
12200,25
01246,25
33305,25
70403,25
95616,25
41009,25
64064,25
27203,25
70300,25
31904,25
94577,25
69008,25
94800,25
54729,25
98499,25
06106,25
94546,25
93053,25
79031,25
04330,25
95355,25
86021,25
98004,25
13915,25
30309,24
66112,24
05602,24
21229,24
28792,24
94301,24
37909,24
29651,24
48085,24
44307,24
26100,24
33607,24
34952,24
98700,24
98274,24
77380,24
80222,24
54241,24
17837,24
13125,24
98597,24
17044,24
95124,24
49933,24
48044,24
64057,24
37212,24
50501,24
89503,24
53149,24
84113,24
72000,24
94531,24
70124,24
11203,24
38671,24
46219,24
99504,23
98584,23
61603,23
67846,23
20122,23
98520,23
45504,23
10019,23
20014,23
87109,23
29406,23
35042,23
55426,23
92663,23
52074,23
14076,23
65212,23
28100,23
11733,23
04412,23
78234,23
53705,23
28105,23
17901,23
46563,23
64506,23
72202,22
50158,22
28401,22
27215,22
33331,22
08060,22
40245,22
23666,22
00128,22
53024,22
94801,22
15601,22
95210,22
30341,22
66502,22
22042,22
95688,22
53233,22
21029,22
92024,22
95602,22
82001,22
28006,22
80111,22
15215,22
94945,22
39008,22
90813,22
78503,22
93401,22
27607,22
02906,22
15090,22
50036,22
70115,22
50129,22
63129,22
48312,22
15237,22
69126,22
41124,22
77026,22
22903,22
89121,22
37403,21
89149,21
00290,21
98508,21
45405,21
37620,21
46628,21
37660,21
60435,21
61462,21
33100,21
27320,21
10060,21
98686,21
22601,21
32827,21
84770,21
63003,21
82609,21
34471,21
84101,21
21401,21
59711,21
56401,21
60134,21
53142,21
21000,21
82131,21
49001,21
40504,21
95065,21
64128,20
27893,20
59100,20
14080,20
87042,20
34098,20
12206,20
66421,20
48910,20
97401,20
75251,20
80211,20
39120,20
67601,20
28207,20
07652,20
41101,20
10017,20
95603,20
07112,20
44131,20
95682,20
45136,20
53406,20
17007,20
27104,20
48322,20
91105,20
98335,20
03102,20
05100,20
40509,20
07753,20
21044,20
80909,19
23114,19
44710,19
03106,19
10117,19
73505,19
30265,19
07631,19
98005,19
25304,19
44280,19
07902,19
14000,19
45433,19
60453,19
94086,19
31701,19
73100,19
19106,19
32608,19
44130,19
80303,19
06202,19
49801,19
28677,19
90706,19
00152,19
29609,19
33606,19
37204,19
06856,19
42003,19
49829,19
40004,19
71110,19
37044,19
44691,19
36604,19
98001,19
01605,19
68046,19
84103,19
54937,19
65201,19
48197,19
38801,18
34093,18
29403,18
97405,18
44308,18
75015,18
64116,18
37067,18
48105,18
92108,18
60005,18
75248,18
77479,18
10048,18
16346,18
12601,18
45247,18
52100,18
40225,18
20910,18
35340,18
92505,18
45365,18
97504,18
48439,18
13057,18
97030,18
15146,18
46804,18
37343,18
58103,18
77598,18
71013,18
19004,18
07747,18
53209,18
85710,18
51503,18
46904,18
85004,18
23226,18
17522,18
48502,18
46350,18
46805,18
25701,18
98002,18
60901,18
35043,18
14033,18
27518,18
78745,18
11528,18
75014,18
03301,18
44136,18
94553,18
76712,18
60048,18
78723,18
33905,18
45069,18
46515,18
99010,18
95356,18
15301,18
75701,18
53022,18
15401,17
85338,17
13005,17
43100,17
35243,17
80528,17
29210,17
90211,17
48084,17
20037,17
17604,17
45255,17
48183,17
07198,17
77384,17
52402,17
75013,17
99701,17
75090,17
31000,17
40215,17
88011,17
49519,17
27262,17
84143,17
93636,17
66762,17
63104,17
33316,17
00189,17
21218,17
70072,17
15132,17
41100,17
29464,17
56537,17
22401,17
39581,16
75012,16
44883,16
21701,16
50200,16
45804,16
77573,16
04856,16
98332,16
37363,16
37208,16
48903,16
45385,16
43567,16
43617,16
01854,16
51102,16
48038,16
33011,16
90242,16
95123,16
33407,16
77090,16
07018,16
91031,16
18510,16
06511,16
43213,16
93030,16
50801,16
12203,16
92618,16
43302,16
98108,16
85925,16
06030,16
60026,16
06902,16
15901,16
39401,16
15236,16
54409,16
13419,16
94568,16
75020,16
75005,16
80054,16
15243,16
98022,16
32429,16
25198,16
63017,16
68845,16
08724,16
72015,16
28054,16
84321,16
13009,16
22408,15
06824,15
75601,15
06810,15
20057,15
17331,15
77802,15
24501,15
44203,15
93940,15
75571,15
60488,15
50048,15
43402,15
91367,15
80204,15
40165,15
44202,15
33000,15
23462,15
26121,15
54482,15
28262,15
11432,15
60077,15
98284,15
10469,15
62918,15
37126,15
28803,15
29203,15
10940,15
37075,15
48604,15
48377,15
89135,15
02860,15
26504,15
27310,15
96734,15
91402,15
84003,15
03246,15
34239,15
84604,15
94520,15
07039,15
48121,15
63130,15
62644,15
97222,15
79606,15
23116,15
56068,15
92335,15
42100,15
33155,15
45404,15
04102,14
70360,14
92501,14
91706,14
88000,14
29316,14
90034,14
75075,14
37205,14
60640,14
80337,14
98110,14
84720,14
90146,14
78411,14
06519,14
98036,14
70118,14
58201,14
87401,14
12808,14
33133,14
43221,14
83092,14
49241,14
38104,14
32763,14
15108,14
49307,14
92210,14
90602,14
38700,14
06500,14
77702,14
90505,14
72758,14
41404,14
08876,14
51109,14
88301,14
60141,14
06611,14
13326,14
56124,14
34000,14
21801,14
33180,14
49055,14
40005,14
08028,14
92270,14
28223,14
92612,14
20520,14
56100,13
80205,13
76177,13
47713,13
32611,13
75093,13
07503,13
86336,13
61614,13
46321,13
64460,13
01317,13
15065,13
99437,13
50924,13
53127,13
27302,13
20052,13
66061,13
09060,13
69310,13
58013,13
13790,13
08360,13
17701,13
35209,13
00029,13
68701,13
83100,13
90017,13
19464,13
33521,13
20231,13
38320,13
68100,13
01923,13
28644,13
83605,13
70817,13
98034,13
90710,13
46617,13
34102,13
81925,13
35016,13
24273,13
47900,13
07645,13
44708,13
06473,13
02462,13
89075,13
36688,13
98431,13
90502,13
47130,13
19317,13
28806,13
67000,13
02841,13
68000,13
31602,13
44024,13
52803,13
75908,13
18009,13
21202,13
94574,13
46290,13
48054,12
46256,12
33426,12
60007,12
18547,12
29646,12
46032,12
10676,12
03115,12
03022,12
24115,12
55369,12
80026,12
33458,12
77478,12
50702,12
34655,12
66801,12
39705,12
97914,12
48309,12
48126,12
46107,12
48661,12
38119,12
00133,12
83617,12
72037,12
06708,12
03010,12
99089,12
16147,12
97814,12
30041,12
35205,12
19063,12
86156,12
30303,12
67901,12
59107,12
62301,12
06904,12
49770,12
02190,12
44903,12
90419,12
26500,12
73730,12
23007,12
44033,12
12002,12
90089,12
23538,12
11215,12
81520,12
07103,12
69361,12
93449,12
48723,12
90073,12
78701,12
48706,12
75063,12
32204,12
21093,12
83501,12
92069,12
44906,12
38655,12
53051,12
85251,12
70503,12
20902,12
97330,12
17176,12
94117,11
55092,11
94110,11
07010,11
92056,11
30120,11
53038,11
07740,11
58100,11
76100,11
19047,11
06273,11
44791,11
01915,11
98368,11
06516,11
07548,11
98506,11
98273,11
48824,11
40479,11
69040,11
19141,11
48374,11
08308,11
54848,11
79902,11
22030,11
06477,11
80336,11
73142,11
09113,11
57010,11
37209,11
77054,11
33006,11
70805,11
14620,11
01757,11
29732,11
30165,11
28117,11
29341,11
94118,11
59000,11
37045,11
17870,11
76012,11
76014,11
75460,11
79701,11
32209,11
75150,11
78665,11
96161,11
04240,11
48088,11
00927,11
06418,11
10022,11
10549,11
06437,11
00000,11
75970,11
78758,11
79430,11
50401,11
48336,11
62794,11
42701,11
35040,11
48453,11
38501,11
21157,11
07450,10
48066,10
71130,10
89703,10
91342,10
57201,10
94598,10
48314,10
32114,10
34125,10
48067,10
92705,10
47923,10
18014,10
35211,10
51092,10
58701,10
18000,10
46016,10
54806,10
08660,10
71105,10
60099,10
33435,10
10601,10
33756,10
48764,10
71301,10
89509,10
10011,10
21133,10
60045,10
28304,10
78052,10
01330,10
31792,10
37421,10
70065,10
98384,10
32073,10
02908,10
42551,10
81737,10
27609,10
61362,10
74245,10
85306,10
85260,10
38114,10
06790,10
19380,10
70808,10
78157,10
21224,10
77058,10
90127,10
71101,10
60608,10
63136,10
21502,10
15025,10
17109,10
47904,10
42431,10
27704,10
97301,10
84009,10
28144,10
95020,10
47630,10
60462,10
96859,10
32117,10
30046,10
95901,10
45801,10
89100,10
57401,10
60625,10
03203,10
77094,10
93420,10
23235,10
23456,10
41014,10
75201,10
25702,10
10449,10
85364,10
29720,10
76210,10
51014,10
93534,10
58128,10
01930,10
29379,10
25401,10
10010,9
50139,9
79415,9
43212,9
20176,9
30130,9
76137,9
28922,9
34376,9
92288,9
33600,9
01321,9
92078,9
14621,9
95900,9
29169,9
89014,9
87110,9
49546,9
75651,9
26505,9
34474,9
24016,9
84157,9
23708,9
14905,9
69677,9
69101,9
20814,9
01201,9
30029,9
54519,9
75216,9
22185,9
37134,9
53547,9
34994,9
32778,9
38133,9
44129,9
62269,9
19090,9
54100,9
22304,9
74078,9
58102,9
02130,9
67085,9
60430,9
91730,9
21614,9
06132,9
54290,9
22793,9
54911,9
71202,9
05403,9
12100,9
98158,9
63739,9
39202,9
59807,9
94928,9
92262,9
06080,9
46015,9
06451,9
43202,9
45431,9
00918,9
44137,9
48230,9
63090,9
82100,9
92806,9
32701,9
06590,9
17210,9
18105,9
14165,9
45004,9
21565,9
75028,9
85027,9
97223,9
61024,9
53132,9
45212,9
89182,9
15240,9
20249,9
36011,9
18045,9
65653,9
47150,9
29926,9
41701,8
21941,8
94588,8
90430,8
92653,8
28562,8
16505,8
14215,8
10138,8
48100,8
29200,8
33613,8
23249,8
92118,8
19605,8
70816,8
28816,8
24153,8
01308,8
07871,8
88014,8
30005,8
30901,8
32258,8
78212,8
84918,8
25124,8
95678,8
40022,8
90292,8
94523,8
78000,8
48670,8
27889,8
45500,8
93586,8
09121,8
22033,8
25000,8
71106,8
10305,8
06760,8
24060,8
78207,8
23100,8
35661,8
38901,8
39104,8
48043,8
40353,8
69317,8
23970,8
96793,8
32308,8
30008,8
90470,8
79905,8
20142,8
91750,8
15260,8
49000,8
91767,8
26330,8
57001,8
04039,8
66046,8
20832,8
26003,8
98226,8
92404,8
75185,8
61114,8
88034,8
45657,8
19134,8
95670,8
55139,8
78041,8
07701,8
55100,8
78681,8
10034,8
24047,8
76000,8
46307,8
33624,8
12462,8
05819,8
55746,8
94806,8
60202,8
73557,8
42123,8
08690,8
33511,8
19046,8
19026,8
64060,7
95969,7
69710,7
21075,7
01420,7
32005,7
26101,7
92807,7
05004,7
69103,7
99503,7
79761,7
84025,7
64000,7
07059,7
03820,7
32174,7
54907,7
27030,7
77042,7
62100,7
48446,7
16201,7
53095,7
96706,7
38652,7
13502,7
22100,7
21034,7
29506,7
85381,7
18057,7
31217,7
60596,7
61037,7
26789,7
00165,7
50141,7
57124,7
92151,7
13215,7
80229,7
79915,7
42303,7
80110,7
78759,7
06457,7
53840,7
76310,7
07901,7
38039,7
59075,7
08648,7
06062,7
80209,7
40002,7
34300,7
84000,7
94160,7
08096,7
91801,7
92134,7
60525,7
41110,7
93301,7
06830,7
62500,7
22015,7
21100,7
30328,7
50931,7
09116,7
21014,7
55902,7
37211,7
56001,7
33146,7
55792,7
93009,7
18960,7
44000,7
05009,7
20060,7
78130,7
53097,7
78258,7
93463,7
43016,7
59501,7
91942,7
33014,7
08822,7
60305,7
62703,7
08054,7
32503,7
80206,7
01120,7
37000,7
34303,7
78404,7
34899,7
65929,7
37066,7
37240,7
11021,7
90766,7
42601,7
72100,7
38100,7
76031,7
14203,7
92121,7
76090,7
74104,7
37604,7
61122,7
91204,7
55043,7
92110,7
23900,7
28602,7
20121,7
28112,7
49033,7
12351,7
60208,7
10075,7
63069,7
92025,7
34890,7
71000,7
35000,7
41380,7
85711,6
43551,6
77004,6
07932,6
37207,6
91328,6
31406,6
85712,6
30174,6
18512,6
38017,6
16247,6
89519,6
11219,6
29440,6
33409,6
85304,6
37129,6
25100,6
92161,6
40170,6
37076,6
33461,6
18059,6
37055,6
15121,6
57100,6
51056,6
27612,6
53295,6
65130,6
63000,6
00912,6
58185,6
03063,6
42055,6
24073,6
54313,6
18301,6
91350,6
70839,6
41063,6
46410,6
91910,6
93901,6
04101,6
80804,6
18104,6
60657,6
41345,6
32086,6
61104,6
04107,6
48013,6
46544,6
11490,6
14048,6
70806,6
27284,6
28659,6
00717,6
16803,6
58675,6
11031,6
55417,6
60123,6
10532,6
17110,6
53111,6
60020,6
23606,6
67226,6
63044,6
73071,6
94602,6
43204,6
47303,6
68516,6
87505,6
27614,6
78412,6
10967,6
42270,6
53210,6
67065,6
90050,6
45206,6
28150,6
01890,6
14564,6
60607,6
01509,6
03103,6
60160,6
05651,6
33761,6
02886,6
14015,6
50006,6
74605,6
11009,6
92697,6
70852,6
20560,6
49431,6
72762,6
27003,6
54913,6
93049,6
90020,6
06156,6
03801,6
08755,6
55901,6
43126,6
77070,6
22003,6
32605,6
43018,6
32796,6
69437,6
97756,6
60805,6
18704,6
08243,6
75067,6
31048,6
66424,6
60487,6
68118,6
86000,6
00180,6
28942,6
28277,6
46236,6
88100,6
94545,6
33611,6
10041,6
77230,6
48123,6
01236,6
28139,6
29100,6
78596,6
54645,6
31052,6
29009,6
22328,6
02719,6
50012,6
22081,6
29600,6
23601,6
85032,6
32003,6
46227,6
21601,6
36607,6
53717,6
52501,6
79110,6
56501,6
46037,6
40241,6
16499,6
50005,6
10960,6
75203,6
98415,6
48858,6
07675,6
07120,6
46017,6
33322,6
11080,6
85012,6
21061,6
34209,5
90560,5
93510,5
11212,5
95122,5
11530,5
07070,5
23704,5
21740,5
38834,5
92008,5
46011,5
19103,5
70126,5
91307,5
95128,5
01608,5
33462,5
19114,5
50180,5
16059,5
85028,5
65000,5
88212,5
73657,5
61469,5
91355,5
93611,5
97201,5
06200,5
75042,5
10707,5
41820,5
42000,5
91345,5
67502,5
64109,5
70376,5
08873,5
48108,5
41931,5
08534,5
04112,5
98507,5
95608,5
80224,5
03909,5
02135,5
32206,5
34667,5
33907,5
63128,5
03060,5
75679,5
32792,5
54935,5
28625,5
53405,5
00936,5
19124,5
02601,5
21244,5
20770,5
34652,5
58452,5
20879,5
43952,5
33765,5
23454,5
04001,5
07101,5
17475,5
35392,5
92346,5
48867,5
97448,5
92350,5
84405,5
24541,5
96049,5
66604,5
61108,5
67098,5
72903,5
60389,5
61820,5
22770,5
47802,5
27408,5
08661,5
33770,5
79044,5
34608,5
07760,5
54500,5
16105,5
19013,5
44266,5
44256,5
34613,5
33980,5
71100,5
40050,5
53715,5
40139,5
00926,5
48018,5
13496,5
12110,5
50080,5
34070,5
30106,5
30117,5
20422,5
14029,5
78240,5
37167,5
37160,5
22901,5
22060,5
20002,5
40741,5
27360,5
76132,5
80637,5
98033,5
30150,5
98362,5
98111,5
34461,5
59045,5
55041,5
31100,5
64100,5
61363,5
23320,5
01104,5
22205,5
10174,5
06230,5
54622,5
29208,5
85284,5
14623,5
33520,5
35235,5
56636,5
85018,5
60614,5
92100,5
98502,5
75239,5
78278,5
74133,5
41071,5
12065,5
56542,5
94109,5
07743,5
97527,5
63108,5
98125,5
77900,5
94101,5
92637,5
94107,5
07100,5
55072,5
28220,5
56470,5
16128,5
22102,4
37932,4
98055,4
44646,4
94000,4
08050,4
14467,4
54000,4
66211,4
32177,4
33143,4
80134,4
78215,4
25006,4
20904,4
07922,4
00716,4
38163,4
37090,4
20230,4
47403,4
47714,4
90717,4
30338,4
02214,4
23229,4
38305,4
70001,4
76018,4
74101,4
17042,4
54307,4
20774,4
56007,4
27261,4
28233,4
10990,4
00112,4
42271,4
33300,4
43201,4
06040,4
98039,4
89124,4
09042,4
35768,4
29011,4
35801,4
30035,4
70210,4
33134,4
85206,4
32024,4
04530,4
07014,4
24125,4
22087,4
29000,4
40402,4
90045,4
94533,4
52556,4
55362,4
56701,4
56187,4
49005,4
80262,4
64710,4
33615,4
30214,4
07666,4
76275,4
46168,4
67063,4
00167,4
94503,4
56002,4
43123,4
43230,4
94612,4
92373,4
80933,4
84082,4
06129,4
93003,4
93400,4
18508,4
45879,4
15219,4
81505,4
34691,4
77009,4
33016,4
15562,4
65124,4
52249,4
65101,4
59071,4
76201,4
19460,4
11366,4
18901,4
81362,4
32822,4
34744,4
91741,4
91790,4
77060,4
24201,4
06489,4
24116,4
20155,4
24457,4
75018,4
44277,4
73117,4
71640,4
48157,4
34362,4
90029,4
48103,4
33169,4
66204,4
33145,4
68070,4
95814,4
91702,4
48034,4
13605,4
87124,4
75019,4
35110,4
30110,4
44892,4
85297,4
94705,4
70174,4
06847,4
71004,4
35015,4
05701,4
80217,4
24382,4
47574,4
50935,4
60031,4
85721,4
33880,4
00704,4
17405,4
70000,4
18042,4
28402,4
00921,4
00935,4
21742,4
07052,4
93701,4
97000,4
27708,4
10001,4
52246,4
30078,4
90822,4
17602,4
92114,4
32789,4
13021,4
20815,4
64012,4
94558,4
02781,4
16150,4
77521,4
95008,4
86001,4
08080,4
95070,4
13015,4
02129,4
20149,4
18618,4
60631,4
85255,4
43026,4
34365,4
66000,4
19612,4
97422,4
08023,4
33710,4
33170,4
13100,4
36100,4
90100,4
54636,4
80335,4
09080,4
07834,4
38642,4
91324,4
32250,4
13083,4
92780,4
34236,4
34285,4
29118,4
34292,4
03039,4
07939,4
20251,4
08950,4
20742,4
85202,4
21131,4
38301,4
48431,4
91361,4
11796,4
08270,4
80230,4
33414,4
85100,4
00959,4
91206,4
41253,4
76051,4
11235,4
60115,4
20090,4
93000,4
90057,4
49008,4
14221,4
90640,4
85308,4
86150,4
37024,4
33914,4
64020,4
84124,4
57000,4
60431,4
36204,4
58401,4
46158,4
47804,4
34135,4
22190,4
24100,4
03053,4
89048,4
01107,4
36526,4
94275,3
10025,3
75035,3
31300,3
06620,3
01100,3
56322,3
27106,3
68161,3
77550,3
80430,3
01841,3
68123,3
91786,3
99352,3
35401,3
18107,3
93703,3
10713,3
79601,3
92604,3
28232,3
33173,3
33313,3
67090,3
22027,3
90650,3
90022,3
44501,3
24128,3
60131,3
22911,3
30905,3
29577,3
90220,3
33065,3
54703,3
89201,3
24740,3
19102,3
07207,3
83400,3
27536,3
77089,3
77074,3
59800,3
72764,3
77079,3
11312,3
02721,3
08820,3
38408,3
30114,3
42002,3
83310,3
04191,3
65806,3
06490,3
42103,3
02144,3
72622,3
43231,3
85742,3
73230,3
07728,3
20521,3
61231,3
84065,3
37830,3
04073,3
67337,3
83800,3
50679,3
06385,3
55904,3
84088,3
41075,3
45103,3
65203,3
43220,3
37996,3
31192,3
29325,3
78660,3
16121,3
80215,3
06531,3
13440,3
53045,3
02360,3
14050,3
51000,3
48081,3
75061,3
44200,3
30281,3
35010,3
11422,3
65025,3
06052,3
97070,3
35213,3
18012,3
78205,3
61107,3
08221,3
34205,3
11522,3
76086,3
56429,3
34202,3
11259,3
95126,3
85374,3
85723,3
95655,3
81601,3
42283,3
65199,3
62002,3
45177,3
97216,3
11070,3
18537,3
58002,3
43102,3
33098,3
66538,3
30171,3
51375,3
14195,3
85025,3
32159,3
34371,3
78246,3
01323,3
02006,3
10028,3
40124,3
14424,3
28462,3
39759,3
02321,3
08057,3
84902,3
64114,3
40217,3
92104,3
16001,3
12534,3
47441,3
77098,3
15100,3
78209,3
73103,3
28731,3
99220,3
60616,3
38122,3
51465,3
33077,3
90069,3
03181,3
14853,3
75674,3
20153,3
11525,3
26133,3
94597,3
01015,3
27713,3
46123,3
95100,3
85741,3
33161,3
33759,3
22191,3
99974,3
56000,3
14450,3
32257,3
67207,3
88214,3
71111,3
16635,3
17011,3
37235,3
14627,3
08026,3
21080,3
14226,3
92658,3
78028,3
29308,3
00155,3
90245,3
94134,3
60015,3
65189,3
30329,3
61100,3
80203,3
08006,3
40201,3
91006,3
94035,3
02451,3
78405,3
23219,3
95110,3
46143,3
10468,3
29209,3
29902,3
66100,3
22763,3
20099,3
08304,3
60528,3
21239,3
10617,3
11790,3
83704,3
32960,3
85006,3
29201,3
75082,3
30121,3
33012,3
29412,3
60585,3
40292,3
67200,3
27701,3
46600,3
29603,3
39100,3
69500,3
98683,3
08816,3
33709,3
34390,3
06606,3
64283,3
11706,3
65191,3
11526,3
96450,3
20036,3
65211,3
87000,3
38126,3
91436,3
12902,3
28211,3
29150,3
77339,3
90241,3
60336,3
73000,3
33027,3
30045,3
08720,3
46527,3
33472,3
60010,3
02703,3
33156,3
21047,3
20080,3
14186,3
70199,3
44302,3
66278,3
17601,3
75237,3
23284,3
34684,3
07109,3
33144,3
03100,3
44309,3
02720,3
88017,3
34119,3
48153,3
33060,3
69115,3
27401,3
92122,3
36010,3
58502,3
95303,3
54769,3
04980,3
44115,3
73300,3
66822,3
78213,3
13087,3
84028,3
90262,3
10367,3
95204,3
42080,3
49855,3
03833,3
60064,3
32216,3
29424,3
40136,3
19454,3
14225,3
10015,2
80923,2
47405,2
80030,2
11220,2
92627,2
33425,2
33166,2
31238,2
24071,2
10037,2
07352,2
77303,2
35120,2
23321,2
10451,2
81667,2
05652,2
23562,2
33510,2
83000,2
10435,2
82445,2
62502,2
02100,2
11100,2
33603,2
13008,2
60190,2
68134,2
33912,2
27410,2
85323,2
13075,2
18030,2
80020,2
85023,2
00100,2
45432,2
90716,2
45203,2
98373,2
15526,2
10453,2
08009,2
44119,2
60311,2
34270,2
14269,2
02912,2
63640,2
70421,2
00917,2
15666,2
11365,2
50674,2
34117,2
55743,2
78463,2
11211,2
16125,2
97404,2
95028,2
68901,2
02117,2
38000,2
59063,2
98012,2
94804,2
10116,2
47012,2
45067,2
11385,2
06735,2
47805,2
39601,2
39501,2
07724,2
45468,2
20003,2
39576,2
13253,2
14059,2
83278,2
37408,2
37923,2
76015,2
78539,2
10407,2
41700,2
80638,2
44512,2
78236,2
09010,2
96816,2
02155,2
21225,2
70891,2
60523,2
02920,2
31520,2
20011,2
30909,2
63100,2
30332,2
04266,2
19014,2
37662,2
32810,2
06762,2
31076,2
68025,2
06420,2
38401,2
99438,2
28721,2
15206,2
31826,2
85718,2
76178,2
18081,2
05800,2
47591,2
35516,2
13421,2
10033,2
59808,2
41016,2
46815,2
03000,2
15123,2
85796,2
32457,2
58633,2
62200,2
30115,2
30449,2
57085,2
34223,2
44789,2
28177,2
91723,2
67205,2
01067,2
81632,2
85283,2
76105,2
36043,2
13285,2
17489,2
11407,2
93444,2
68305,2
10567,2
39402,2
30134,2
28451,2
34662,2
86169,2
33319,2
92020,2
93721,2
79104,2
76008,2
33713,2
32127,2
33030,2
66113,2
22904,2
76164,2
09134,2
06484,2
61300,2
78640,2
11355,2
05368,2
89202,2
44623,2
61032,2
22801,2
28012,2
34147,2
26480,2
60429,2
52000,2
19152,2
19610,2
00725,2
50161,2
50034,2
79035,2
47005,2
29730,2
29121,2
02904,2
78666,2
77055,2
63450,2
18204,2
08406,2
55121,2
75708,2
14260,2
00674,2
45417,2
14021,2
79010,2
54292,2
97124,2
89145,2
54915,2
95765,2
44504,2
26122,2
34761,2
31134,2
27577,2
15208,2
24534,2
05000,2
03501,2
35406,2
44160,2
53266,2
35037,2
74535,2
10027,2
51401,2
06002,2
47166,2
30460,2
92646,2
41501,2
28352,2
39404,2
85209,2
33463,2
41330,2
97006,2
33428,2
69104,2
31302,2
21227,2
97133,2
14626,2
90801,2
23000,2
33025,2
12245,2
01224,2
68165,2
24103,2
46383,2
21052,2
26655,2
11956,2
95305,2
71201,2
40113,2
98849,2
02125,2
91761,2
52661,2
26204,2
04000,2
60606,2
70384,2
78050,2
58260,2
95029,2
55118,2
80920,2
77084,2
32223,2
92886,2
92617,2
25200,2
13885,2
40000,2
80136,2
63021,2
88996,2
84016,2
06090,2
86050,2
20871,2
33321,2
85040,2
30990,2
77385,2
90001,2
70119,2
83702,2
75062,2
33614,2
59494,2
53203,2
15102,2
07044,2
72120,2
78829,2
60546,2
50135,2
75204,2
19123,2
92150,2
07012,2
76504,2
97501,2
11201,2
33484,2
06700,2
00910,2
69002,2
19146,2
31501,2
11772,2
56377,2
36002,2
33063,2
80634,2
30236,2
70601,2
02421,2
82194,2
42101,2
02062,2
84108,2
33157,2
48129,2
33147,2
76063,2
85037,2
83404,2
46112,2
66218,2
65702,2
22045,2
32034,2
11743,2
11001,2
35022,2
15000,2
24701,2
10103,2
40126,2
30606,2
28850,2
30096,2
69600,2
53212,2
12655,2
29107,2
19034,2
76028,2
90604,2
33777,2
32444,2
77027,2
12401,2
84341,2
18055,2
35062,2
65055,2
20852,2
33309,2
75000,2
91101,2
84131,2
33124,2
45322,2
34724,2
97058,2
34500,2
12550,2
12061,2
19056,2
85015,2
01960,2
75050,2
33064,2
04005,2
43410,2
30177,2
20895,2
72211,2
95648,2
20081,2
12180,2
40032,2
32004,2
44787,2
14169,2
12010,2
31403,2
10310,2
71603,2
30274,2
04915,2
43004,2
04014,2
69469,2
63225,2
11576,2
20357,2
56025,2
15106,2
29501,2
58140,2
18035,2
44857,2
07500,2
08837,2
01230,2
15261,2
01209,2
60121,2
28053,2
14068,2
81502,2
28205,2
91762,2
04357,2
39291,2
01062,2
44670,2
29910,2
08501,2
30310,2
98052,2
33719,2
11590,2
59105,2
30094,2
77520,2
34668,2
38011,2
92140,2
06800,2
35152,2
60693,2
91411,2
28031,2
02132,2
19118,2
78219,2
10704,2
05042,2
28239,2
28739,2
35039,2
80802,2
75243,2
59801,2
70801,2
80010,2
81241,2
05801,2
01101,2
51100,2
75234,2
63101,2
36312,2
80952,2
08029,2
79939,2
01135,2
93465,2
44915,2
75100,2
71210,2
77701,2
01702,2
01009,2
39502,2
08024,2
68022,2
24939,2
11373,2
02459,2
94121,2
32713,2
64610,2
60647,2
69004,2
03755,2
28023,2
30301,2
06850,2
09190,2
46077,2
23220,2
85122,2
84015,2
75001,2
75071,2
80756,2
29229,2
90712,2
60463,2
78550,2
33609,2
33328,2
28359,2
29435,2
21339,2
03802,2
80112,2
92562,2
11103,2
28557,2
83280,2
04125,2
94534,2
91205,2
00961,2
44100,2
91776,2
93065,2
80002,2
07985,2
31108,2
97002,2
91340,2
08234,2
91052,2
30559,2
45428,2
32814,2
77056,2
39108,2
77845,2
60014,2
37917,2
51067,2
46342,2
32955,2
74374,2
03310,2
40506,2
41950,2
17605,2
20017,2
52001,2
32607,2
49124,2
78613,2
94041,2
21702,2
02472,2
22000,2
45100,2
32720,2
36071,2
21018,2
44625,2
91326,2
20215,2
28210,2
92660,2
18925,2
88018,2
48059,2
78218,2
76053,2
38010,2
89511,2
95035,2
33162,2
95821,2
77338,2
19002,2
94509,2
92701,2
02199,2
95815,2
13088,2
19008,2
48195,2
18101,2
02284,2
45659,2
33125,2
92111,2
09130,2
10304,2
12053,2
98102,2
03104,2
15122,2
55057,2
33070,2
28660,2
13905,2
20008,2
30024,2
84148,2
72916,2
47402,2
63106,2
02138,1
11408,1
08701,1
48307,1
90153,1
44340,1
92625,1
90003,1
08062,1
06450,1
67342,1
91941,1
28001,1
51301,1
46530,1
19341,1
75006,1
19603,1
35295,1
34349,1
07981,1
37952,1
67343,1
34747,1
49456,1
67345,1
67346,1
90185,1
60173,1
78702,1
79239,1
69222,1
95695,1
15033,1
67350,1
23434,1
85208,1
30030,1
85205,1
67349,1
01011,1
14625,1
78284,1
95758,1
08520,1
95032,1
08759,1
67344,1
60605,1
76502,1
31130,1
18020,1
86179,1
10023,1
73301,1
32836,1
10491,1
32135,1
66618,1
15217,1
35223,1
33629,1
93722,1
80123,1
90134,1
34137,1
21117,1
34203,1
89521,1
26501,1
12545,1
14267,1
26950,1
69230,1
12543,1
21648,1
04053,1
89044,1
77584,1
20005,1
97200,1
77100,1
91007,1
90053,1
06414,1
23563,1
98901,1
75229,1
78703,1
78350,1
45071,1
59413,1
76550,1
90013,1
92880,1
23851,1
43007,1
09005,1
28702,1
01701,1
59404,1
35894,1
12547,1
12546,1
60220,1
37603,1
37412,1
19230,1
90513,1
75417,1
79312,1
51726,1
01525,1
49501,1
88901,1
45030,1
03748,1
19019,1
06122,1
12345,1
14008,1
50070,1
98402,1
30068,1
78336,1
57217,1
45434,1
15046,1
71032,1
12544,1
45237,1
45145,1
06123,1
28412,1
37048,1
37047,1
50659,1
35157,1
87026,1
91325,1
74158,1
11718,1
10072,1
15036,1
33410,1
05071,1
40235,1
15073,1
24000,1
01099,1
77005,1
01601,1
62290,1
50406,1
07869,1
53558,1
78006,1
97035,1
28027,1
55111,1
61080,1
61432,1
81540,1
02150,1
77092,1
21682,1
70122,1
19122,1
42105,1
94469,1
36303,1
36532,1
80132,1
44016,1
98121,1
71304,1
97229,1
93102,1
91011,1
12464,1
30459,1
38018,1
23452,1
04037,1
06513,1
90026,1
10956,1
20013,1
39213,1
01207,1
08001,1
30605,1
33332,1
11521,1
96008,1
22710,1
76135,1
63188,1
80420,1
27999,1
10450,1
21208,1
34286,1
80202,1
87039,1
21063,1
08084,1
96373,1
85084,1
65812,1
90703,1
44460,1
32401,1
35019,1
06789,1
27127,1
38049,1
38555,1
80139,1
35702,1
56456,1
16427,1
98145,1
40526,1
91607,1
67100,1
13110,1
34769,1
30080,1
50701,1
46825,1
35216,1
83003,1
40291,1
56403,1
10226,1
38009,1
92009,1
70125,1
11206,1
92805,1
98057,1
97309,1
64501,1
72405,1
02179,1
20744,1
55113,1
37170,1
01130,1
34340,1
20219,1
18109,1
20220,1
28020,1
46250,1
85159,1
45252,1
65549,1
22713,1
11511,1
54603,1
09045,1
08827,1
31804,1
33806,1
50100,1
45180,1
90032,1
60439,1
90740,1
26953,1
76121,1
20070,1
34840,1
48016,1
07091,1
34592,1
61547,1
28202,1
55095,1
78216,1
50002,1
08181,1
67212,1
17050,1
76041,1
57070,1
19901,1
32514,1
31603,1
01844,1
48708,1
65802,1
27216,1
18501,1
23061,1
23185,1
54702,1
19105,1
98136,1
63112,1
72201,1
79062,1
14603,1
52804,1
27511,1
29502,1
01000,1
01070,1
01200,1
09000,1
02300,1
46003,1
26389,1
08934,1
06525,1
03079,1
28805,1
40100,1
18500,1
60649,1
12800,1
22209,1
54642,1
80129,1
48076,1
15323,1
91019,1
03050,1
72488,1
47179,1
41464,1
06846,1
06295,1
04277,1
08523,1
23566,1
15478,1
73126,1
10719,1
60103,1
71908,1
54035,1
22314,1
92408,1
19101,1
97410,1
44121,1
92307,1
11863,1
48913,1
26831,1
30122,1
15001,1
80219,1
35085,1
07768,1
70457,1
97098,1
01812,1
73039,1
98165,1
37130,1
15038,1
10945,1
95857,1
65749,1
93110,1
85745,1
72712,1
67215,1
49450,1
44622,1
29927,1
64190,1
60500,1
75904,1
00333,1
46320,1
41825,1
16507,1
16508,1
84109,1
84121,1
41944,1
10050,1
13274,1
52057,1
20445,1
98118,1
54706,1
20301,1
33909,1
46311,1
27519,1
37215,1
90015,1
02209,1
64297,1
20253,1
58515,1
08529,1
74523,1
70374,1
15233,1
41334,1
35320,1
08027,1
39338,1
26126,1
40024,1
95445,1
13509,1
09117,1
06250,1
01640,1
82000,1
22587,1
30159,1
33085,1
44178,1
43206,1
02605,1
02518,1
02480,1
02444,1
02340,1
02485,1
02298,1
04810,1
03199,1
03144,1
13585,1
60322,1
33175,1
08053,1
34741,1
30548,1
60448,1
60461,1
60527,1
52245,1
48220,1
08540,1
07081,1
11229,1
77450,1
75070,1
75088,1
24148,1
77494,1
29579,1
68169,1
04315,1
12820,1
71800,1
11200,1
10350,1
10900,1
06330,1
34020,1
34096,1
52132,1
83022,1
15517,1
52066,1
10317,1
39157,1
77031,1
27858,1
06108,1
42277,1
97702,1
68154,1
01223,1
62012,1
84014,1
19100,1
80130,1
65100,1
85123,1
74100,1
30123,1
85250,1
07754,1
20636,1
55910,1
08844,1
19012,1
08034,1
80246,1
22136,1
62300,1
48823,1
12293,1
43203,1
25309,1
95438,1
33135,1
46036,1
01830,1
23455,1
46280,1
00973,1
95115,1
03110,1
60621,1
85048,1
21013,1
22527,1
27920,1
88586,1
75714,1
80910,1
21152,1
07608,1
10533,1
19446,1
78233,1
84020,1
60629,1
46184,1
10457,1
91016,1
15063,1
84802,1
41122,1
75713,1
24983,1
24922,1
34059,1
93150,1
85351,1
19711,1
46163,1
97329,1
19320,1
10210,1
24986,1
37087,1
11787,1
19011,1
24987,1
24985,1
26742,1
36704,1
76307,1
46063,1
69106,1
91344,1
91744,1
80031,1
70501,1
53713,1
57645,1
75011,1
22297,1
40822,1
18454,1
63351,1
50169,1
57164,1
93220,1
76299,1
93306,1
21001,1
11510,1
61039,1
48192,1
10512,1
12524,1
16544,1
16550,1
17408,1
53014,1
54956,1
53154,1
98194,1
90160,1
15586,1
06110,1
01030,1
49074,1
20184,1
03186,1
61571,1
44650,1
00909,1
03570,1
41010,1
28492,1
91403,1
63103,1
33744,1
30312,1
52807,1
11540,1
33015,1
33165,1
92300,1
92200,1
96250,1
64040,1
14561,1
48960,1
35056,1
35360,1
30256,1
08305,1
57102,1
82362,1
32049,1
67655,1
00919,1
86132,1
63117,1
10530,1
14618,1
74135,1
77508,1
45032,1
70836,1
19945,1
20024,1
02007,1
97439,1
22902,1
34607,1
08112,1
30510,1
85094,1
45372,1
94120,1
01301,1
10466,1
37614,1
33919,1
53123,1
79416,1
86401,1
28278,1
27587,1
55008,1
06400,1
23561,1
10012,1
73506,1
19899,1
11234,1
53205,1
33201,1
18944,1
56308,1
19147,1
17036,1
31275,1
04416,1
74800,1
09006,1
61021,1
55371,1
80538,1
84119,1
77035,1
93710,1
33183,1
60108,1
47710,1
20706,1
48509,1
08046,1
29576,1
78303,1
77396,1
98045,1
46033,1
94401,1
91356,1
28026,1
06053,1
89103,1
76065,1
44484,1
46506,1
04212,1
91171,1
87500,1
29423,1
04210,1
73102,1
78235,1
97207,1
64320,1
08818,1
97232,1
84116,1
98418,1
14201,1
86015,1
78922,1
15257,1
51186,1
51185,1
51184,1
53249,1
53248,1
53245,1
53246,1
53247,1
52063,1
52064,1
52065,1
50282,1
50281,1
50284,1
50280,1
60016,1
59104,1
58147,1
12957,1
37023,1
92141,1
02096,1
95192,1
30001,1
11788,1
11795,1
37332,1
76021,1
12958,1
12951,1
12954,1
12953,1
12959,1
12960,1
50283,1
58145,1
14185,1
46483,1
95521,1
97214,1
97056,1
32750,1
39119,1
76520,1
15505,1
98058,1
50589,1
62898,1
25601,1
44534,1
07646,1
35578,1
60930,1
97219,1
95615,1
58148,1
91708,1
58146,1
58149,1
33610,1
57038,1
10128,1
46254,1
92223,1
90260,1
88310,1
20000,1
34361,1
03810,1
14001,1
82606,1
03426,1
00913,1
31216,1
93638,1
45680,1
06007,1
34752,1
34844,1
46023,1
35404,1
08091,1
91360,1
19702,1
60659,1
08859,1
11746,1
73109,1
97305,1
17554,1
15211,1
94300,1
48022,1
10024,1
31111,1
70123,1
50121,1
41685,1
21207,1
24106,1
55409,1
94586,1
32916,1
87016,1
28607,1
51074,1
53117,1
29761,1
60810,1
11566,1
79015,1
53150,1
00683,1
92596,1
01406,1
31110,1
75802,1
15027,1
81519,1
10228,1
60402,1
19087,1
69198,1
35025,1
28403,1
29644,1
48187,1
06615,1
22034,1
57208,1
07202,1
55106,1
36500,1
01250,1
95340,1
32603,1
20125,1
55239,1
77064,1
41823,1
55425,1
41260,1
72336,1
28097,1
50670,1
85520,1
66106,1
01211,1
53511,1
35001,1
75225,1
48317,1
70570,1
70560,1
70508,1
70526,1
52401,1
96815,1
30215,1
10143,1
35007,1
33471,1
32539,1
95819,1
95677,1
90720,1
92648,1
91911,1
92614,1
94114,1
00962,1
20127,1
20874,1
37862,1
37804,1
97365,1
33467,1
32205,1
45245,1
55414,1
78245,1
07003,1
07830,1
92357,1
57101,1
46774,1
60456,1
33018,1
35005,1
10104,1
29245,1
33952,1
95154,1
26301,1
10522,1
11768,1
40206,1
03550,1
20100,1
18435,1
02492,1
19406,1
19020,1
84117,1
40502,1
40351,1
45806,1
88054,1
73533,1
73521,1
80331,1
14482,1
72766,1
37684,1
63454,1
84041,1
55744,1
55731,1
25704,1
02101,1
77001,1
37073,1
16816,1
12901,1
11209,1
20824,1
02113,1
66214,1
11003,1
40620,1
56216,1
31703,1
11636,1
02106,1
60425,1
55406,1
80014,1
97231,1
10108,1
45249,1
30263,1
33781,1
13581,1
92117,1
30659,1
07733,1
15276,1
14214,1
47447,1
84102,1
06460,1
10035,1
11632,1
29485,1
44118,1
01133,1
45040,1
97134,1
39670,1
14197,1
81250,1
06405,1
35753,1
30720,1
69655,1
95300,1
46485,1
93015,1
90227,1
21033,1
92377,1
54621,1
14520,1
96822,1
45227,1
87114,1
48507,1
37501,1
61800,1
50098,1
55122,1
43235,1
45246,1
58104,1
39531,1
40213,1
50265,1
30092,1
30513,1
33312,1
06905,1
36571,1
06082,1
01852,1
10153,1
10655,1
10689,1
10687,1
04141,1
10686,1
30384,1
49414,1
92608,1
89070,1
25209,1
64026,1
94015,1
11696,1
69393,1
92182,1
57047,1
57702,1
76543,1
07731,1
08835,1
01210,1
37100,1
07013,1
31033,1
12461,1
71364,1
41239,1
20095,1
41515,1
01340,1
75219,1
07444,1
19173,1
44410,1
28047,1
70056,1
70458,1
50201,1
53763,1
75033,1
74995,1
76094,1
74994,1
74993,1
75808,1
80530,1
70390,1
77843,1
99337,1
60563,1
17111,1
33150,1
33071,1
90201,1
93308,1
97123,1
60062,1
36830,1
90147,1
00833,1
02915,1
53121,1
19390,1
17105,1
28777,1
28754,1
28744,1
28612,1
97138,1
87108,1
03202,1
40704,1
30084,1
31208,1
90007,1
95474,1
95420,1
48175,1
64030,1
90305,1
14127,1
27510,1
76107,1
42084,1
14222,1
10708,1
07432,1
90078,1
60148,1
31021,1
30331,1
80237,1
34237,1
20401,1
32700,1
28030,1
78200,1
37670,1
73116,1
06726,1
50703,1
47500,1
38302,1
04038,1
40950,1
24641,1
32901,1
23006,1
91239,1
36116,1
38701,1
22306,1
99734,1
95357,1
00027,1
96741,1
65180,1
98617,1
95326,1
65181,1
63930,1
63931,1
67010,1
51057,1
63932,1
63933,1
96275,1
67982,1
20012,1
94975,1
73393,1
71060,1
19027,1
00968,1
54914,1
78201,1
68102,1
79913,1
37601,1
71061,1
28269,1
07649,1
66206,1
46208,1
60025,1
27356,1
18439,1
67550,1
90805,1
01242,1
01506,1
13092,1
09750,1
09030,1
63923,1
65172,1
74175,1
65173,1
67822,1
63924,1
98815,1
63926,1
63927,1
01010,1
28049,1
65176,1
19083,1
74132,1
65175,1
65177,1
59504,1
33996,1
65179,1
65178,1
63928,1
95045,1
63929,1
96742,1
96740,1
01333,1
96745,1
28822,1
10452,1
84111,1
60601,1
22203,1
31331,1
45050,1
10454,1
10456,1
10459,1
28201,1
93093,1
27295,1
26195,1
45170,1
54331,1
34304,1
85392,1
39800,1
46140,1
10924,1
29120,1
23112,1
23035,1
82550,1
35922,1
19355,1
60653,1
02120,1
69003,1
32082,1
19053,1
97976,1
65263,1
81545,1
63938,1
65264,1
65265,1
65269,1
78973,1
98035,1
97415,1
61283,1
97418,1
97417,1
97416,1
75032,1
07524,1
97975,1
96475,1
97715,1
98037,1
97698,1
63940,1
97696,1
63941,1
65278,1
65026,1
97697,1
65280,1
11548,1
65170,1
68902,1
28000,1
92840,1
60749,1
62995,1
60746,1
60762,1
60755,1
48323,1
56811,1
52882,1
48326,1
56810,1
48324,1
48325,1
52902,1
69100,1
65489,1
60744,1
60759,1
64582,1
93833,1
33323,1
77356,1
19438,1
45150,1
13760,1
13901,1
21045,1
95417,1
34984,1
62724,1
60751,1
45626,1
60760,1
73011,1
97074,1
90601,1
34214,1
94116,1
45209,1
14643,1
30042,1
15220,1
78224,1
04571,1
50677,1
18051,1
92224,1
22399,1
96160,1
47100,1
33431,1
11941,1
10013,1
62994,1
60750,1
68105,1
02169,1
60754,1
60743,1
65488,1
34748,1
20237,1
87993,1
63222,1
01012,1
60747,1
65262,1
96135,1
29016,1
96136,1
08012,1
15011,1
36200,1
28933,1
00780,1
76158,1
76140,1
96945,1
72190,1
54750,1
03340,1
47392,1
96138,1
65247,1
04100,1
65244,1
26222,1
65242,1
77373,1
53842,1
69893,1
44651,1
44649,1
69009,1
67862,1
06540,1
63278,1
63272,1
60742,1
62723,1
60753,1
60758,1
65486,1
60752,1
33441,1
65487,1
90210,1
94599,1
94600,1
13059,1
10100,1
60745,1
60100,1
63279,1
65219,1
65226,1
04122,1
18031,1
63271,1
22451,1
63274,1
25173,1
94239,1
63276,1
69076,1
63280,1
45000,1
21210,1
03743,1
20650,1
10036,1
36004,1
36003,1
36006,1
36005,1
49009,1
49004,1
49002,1
49003,1
49006,1
33002,1
33003,1
33010,1
33009,1
33008,1
33004,1
33001,1
33007,1
33005,1
42004,1
42001,1
32001,1
32002,1
61002,1
61004,1
61003,1
61005,1
61001,1
61006,1
10004,1
36001,1
36008,1
36007,1
70008,1
44006,1
44007,1
44001,1
44003,1
44002,1
44008,1
44004,1
70007,1
70004,1
70005,1
70010,1
70002,1
70009,1
70011,1
39003,1
64003,1
64002,1
64004,1
64001,1
31004,1
31003,1
31002,1
31001,1
39006,1
39002,1
39004,1
39005,1
39001,1
30032,1
28029,1
22021,1
10471,1
02302,1
33762,1
10018,1
11430,1
40422,1
27101,1
27006,1
79038,1
31906,1
97209,1
45010,1
46940,1
86100,1
90131,1
74010,1
39126,1
15905,1
17101,1
15642,1
15143,1
21053,1
60309,1
69337,1
10014,1
34722,1
52520,1
95107,1
45291,1
44406,1
76092,1
65691,1
73479,1
81331,1
50973,1
40489,1
33142,1
28303,1
05201,1
99999,1
08111,1
12120,1
06008,1
50040,1
90619,1
13595,1
81539,1
80639,1
16100,1
79938,1
49506,1
31088,1
22020,1
94518,1
92130,1
81657,1
13932,1
11041,1
19342,1
88009,1
65117,1
00157,1
44005,1
15801,1
33101,1
55441,1
20148,1
15701,1
20190,1
10509,1
04043,1
04011,1
90232,1
86314,1
25195,1
11560,1
28138,1
37311,1
20735,1
20613,1
14290,1
98374,1
32774,1
11750,1
29653,1
80901,1
02116,1
46980,1
13014,1
77980,1
45044,1
75598,1
77023,1
78414,1
30075,1
54007,1
20097,1
15355,1
33707,1
00002,1
02196,1
09301,1
24129,1
07400,1
68135,1
01090,1
05020,1
06020,1
02290,1
08500,1
18951,1
48025,1
34453,1
55242,1
30202,1
51108,1
43303,1
23142,1
47841,1
39106,1
60057,1
91005,1
92834,1
95297,1
91343,1
00149,1
99028,1
23642,1
14624,1
02303,1
41076,1
79424,1
77034,1
77429,1
75007,1
79124,1
29486,1
29407,1
73112,1
28601,1
65810,1
49015,1
71203,1
33542,1
92395,1
91405,1
90509,1
92870,1
92260,1
90808,1
95628,1
91722,1
75766,1
03766,1
48144,1
14780,1
60615,1
22218,1
16045,1
41221,1
75024,1
23435,1
53217,1
78290,1
43233,1
82152,1
30324,1
34384,1
66215,1
34732,1
33445,1
55200,1
35180,1
62247,1
15705,1
91701,1
13001,1
11850,1
40150,1
80000,1
58249,1
58070,1
27000,1
22110,1
11184,1
76001,1
61141,1
04032,1
01244,1
22271,1
80440,1
29055,1
01742,1
11803,1
20307,1
31503,1
69118,1
02232,1
61124,1
61058,1
94901,1
70200,1
78232,1
32751,1
44094,1
22311,1
77375,1
07663,1
07041,1
25301,1
30097,1
08915,1
04129,1
64421,1
58097,1
00250,1
27707,1
21005,1
46027,1
58018,1
40750,1
43005,1
02097,1
27600,1
20022,1
98148,1
76133,1
39130,1
80353,1
31203,1
42415,1
52727,1
17000,1
35576,1
63050,1
83041,1
91803,1
78773,1
77234,1
79533,1
79553,1
77235,1
22182,1
48145,1
23225,1
78230,1
02723,1
21708,1
71118,1
83709,1
32045,1
34653,1
33126,1
33436,1
92683,1
92626,1
56261,1
31505,1
40514,1
36039,1
86300,1
70800,1
60200,1
80050,1
45631,1
63026,1
55130,1
40513,1
62208,1
32405,1
55413,1
33881,1
08865,1
95109,1
21403,1
60351,1
64106,1
66101,1
68144,1
40030,1
03126,1
61166,1
79018,1
81100,1
52222,1
21200,1
95405,1
22332,1
28500,1
36617,1
31025,1
13616,1
04600,1
15755,1
80546,1
78250,1
58000,1
20400,1
13700,1
06973,1
61453,1
10144,1
17027,1
41126,1
67051,1
71306,1
99425,1
57076,1
97616,1
26452,1
49076,1
90471,1
01662,1
22291,1
22043,1
89312,1
35385,1
88048,1
45131,1
09131,1
29223,1
28755,1
36207,1
36535,1
85029,1
72217,1
91795,1
98835,1
98836,1
92521,1
92495,1
94716,1
92513,1
92500,1
97795,1
92494,1
92497,1
96960,1
92499,1
96954,1
91793,1
96748,1
34288,1
06126,1
49300,1
75208,1
75104,1
22939,1
28561,1
14606,1
14850,1
32547,1
95926,1
36024,1
34452,1
91794,1
99476,1
98839,1
50586,1
39011,1
10280,1
46800,1
08854,1
38082,1
10901,1
08650,1
45110,1
33470,1
35330,1
10124,1
25240,1
17345,1
38103,1
98840,1
22290,1
98861,1
98864,1
98862,1
98860,1
98863,1
98865,1
98848,1
92533,1
98847,1
98845,1
98838,1
98842,1
56127,1
25125,1
45239,1
02864,1
91754,1
43311,1
98668,1
45501,1
59806,1
59702,1
63701,1
48909,1
71052,1
06610,1
75004,1
98007,1
75080,1
28036,1
40110,1
48504,1
48047,1
30189,1
32129,1
32765,1
32801,1
33185,1
34208,1
06010,1
80904,1
91606,1
92843,1
93702,1
74680,1
04537,1
69400,1
53113,1
95301,1
94270,1
89086,1
19044,1
51501,1
26056,1
28208,1
27513,1
02095,1
19049,1
41061,1
87439,1
28209,1
13589,1
24019,1
12559,1
08010,1
54244,1
41012,1
23223,1
78045,1
29611,1
55343,1
48198,1
24080,1
18371,1
54211,1
85000,1
27517,1
