countyCode,AverageAnnualCount,PovertyEst,avgDeathsPerYear,deathRate,incidentRate,medIncome,popEst2020,povertyPercent,studyCount,studyPerCap
12101,4036.0,165851,1401.0,161.6,499.9,76713.0,608794.0,11.1,36.0,59.133302890632955
12103,7624.0,65148,2519.0,143.4,476.9,65933.0,961739.0,10.9,168.0,174.68356799505895
12105,4591.0,117299,1485.0,146.0,473.1,66427.0,787404.0,12.4,37.0,46.989855271245766
12107,559.0,120353,232.0,192.4,487.2,61941.0,74731.0,15.699999999999998,4.0,53.525310781335726
12109,1768.0,16484,493.0,132.8,488.8,46459.0,306841.0,22.5,165.0,537.7377860194694
12111,2201.0,17860,800.0,146.7,434.4,103757.0,358704.0,5.9,34.0,94.7856728667648
12113,1069.0,47534,335.0,152.7,481.3999999999999,64038.0,198268.0,13.4,1.0,5.043678253676841
12115,4300.0,18064,1393.0,132.8,475.5,82537.0,462286.0,9.4,79.0,170.88988202108652
12117,2557.0,38638,818.0,145.0,456.9,78309.0,478772.0,8.5,25.0,52.21692162448932
12119,1639.0,52808,513.0,129.9,444.8,80296.0,144970.0,11.1,18.0,124.16362005932262
12121,303.0,12830,129.0,186.7,460.1,77851.0,45411.0,9.4,4.0,88.08438484067737
12123,136.0,8054,56.0,174.9,450.5,51295.0,21283.0,18.9,0.0,0.0
12125,237.0,3831,77.0,414.5,1237.4,48482.0,15460.0,19.5,0.0,0.0
12127,4416.0,2070,1563.0,163.2,499.4,60749.0,579192.0,18.0,48.0,82.87407284631003
12129,192.0,66107,63.0,169.1,476.5,64601.0,35178.0,11.8,0.0,0.0
12131,388.0,3771,161.0,158.8,377.4,63482.0,83304.0,11.7,1.0,12.004225487371555
13101,19.0,2461,4.0,110.0,457.6,43417.0,3686.0,23.7,0.0,0.0
13103,327.0,774,102.0,172.6,515.9,47195.0,69041.0,21.1,5.0,72.42073550498979
13105,143.0,5859,55.0,182.9,523.6,88111.0,19814.0,8.6,0.0,0.0
13107,134.0,3171,55.0,197.5,490.9,49220.0,22929.0,16.2,1.0,43.61289197086659
13109,60.0,4490,23.0,177.2,458.1,46975.0,10695.0,20.8,0.0,0.0
13111,228.0,2186,79.0,163.3,476.3,45163.0,25737.0,21.6,3.0,116.56370206317752
13113,713.0,2932,187.0,124.20000000000002,463.80000000000007,60604.0,122030.0,11.400000000000002,5.0,40.97353109891011
13115,553.0,7155,220.0,177.8,457.0,109358.0,99443.0,5.9,11.0,110.61613185442917
13117,1157.0,14366,270.0,124.1,483.69999999999993,56651.0,267237.0,15.099999999999998,23.0,86.06592649969878
13119,155.0,10836,61.0,184.1,501.6,130909.0,24128.0,4.1,0.0,0.0
13121,4830.0,3731,1398.0,140.5,457.8,49940.0,1074634.0,16.0,265.0,246.59558510153224
13123,255.0,133088,80.0,152.5,498.6000000000001,89798.0,32407.0,12.699999999999998,1.0,30.857530780386956
13125,17.0,4480,8.0,196.1,462.4,68294.0,2939.0,14.0,0.0,0.0
13127,541.0,400,197.0,160.2,451.1000000000001,55539.0,85079.0,13.9,3.0,35.26134533786246
13129,321.0,11354,122.0,183.3,472.3999999999999,63532.0,58954.0,13.7,15.0,254.4356617023442
13131,141.0,6721,52.0,157.1,436.7,63946.0,26008.0,11.5,10.0,384.49707782220855
13133,159.0,5587,43.0,136.6,496.8,48548.0,20139.0,21.600000000000005,71.0,3525.497790357019
13135,3834.0,2716,1035.0,136.5,445.2,74488.0,975353.0,13.6,37.0,37.93498353929295
13137,305.0,86107,94.0,153.7,523.9,83918.0,47475.0,8.9,1.0,21.063717746182203
13139,1140.0,6213,329.0,142.4,493.1,62428.0,212692.0,13.8,45.0,211.57354296353412
13141,57.0,24679,21.0,157.8,413.4,76789.0,8387.0,11.7,0.0,0.0
13143,183.0,1912,64.0,174.5,502.7,38570.0,31337.0,26.5,4.0,127.6446373296742
13145,211.0,4682,65.0,140.1,444.4,57912.0,36276.0,15.1,28.0,771.8601830411291
13147,168.0,3235,61.0,150.5,436.6000000000001,90636.0,26909.0,9.0,0.0,0.0
13149,76.0,3711,26.0,166.7,499.3999999999999,56137.0,11725.0,14.2,1.0,85.28784648187633
13151,1135.0,1727,338.0,156.5,478.5,56724.0,248364.0,14.9,7.0,28.184438968610586
13153,779.0,19857,247.0,155.0,476.20000000000005,82379.0,169631.0,8.0,74.0,436.24101726689105
13155,52.0,17991,20.0,160.0,423.8,71237.0,9126.0,10.699999999999998,0.0,0.0
13157,395.0,1676,136.0,175.1,492.20000000000005,49224.0,83936.0,19.1,52.0,619.5196340068624
13159,102.0,6088,37.0,196.1,536.1,82138.0,15951.0,7.3,0.0,0.0
13161,72.0,2038,29.0,160.8,396.2,63718.0,14889.0,12.9,0.0,0.0
13163,105.0,2995,46.0,217.2,505.7,46143.0,15314.0,20.2,0.0,0.0
13165,43.0,3511,20.0,185.3,397.0,44459.0,8689.0,23.7,0.0,0.0
13167,56.0,2070,20.0,145.0,410.7,41830.0,9242.0,27.9,35.0,3787.0590781216188
13169,188.0,2033,56.0,144.8,507.19999999999993,42603.0,28472.0,27.300000000000004,8.0,280.97780275358247
13171,121.0,3243,40.0,172.9,513.2,65515.0,19467.0,11.5,1.0,51.36898340781836
13173,57.0,2442,18.0,151.2,477.1000000000001,61542.0,10171.0,13.0,0.0,0.0
13175,268.0,1878,113.0,181.0,447.8,50671.0,49660.0,19.2,36.0,724.929520741039
13177,179.0,10450,54.0,186.4,573.6,47918.0,33642.0,21.4,19.0,564.770227691576
13179,231.0,3360,75.0,164.1,462.3999999999999,84260.0,68030.0,10.3,1.0,14.699397324709688
13181,62.0,9160,23.0,171.9,469.3,59807.0,7841.0,14.4,0.0,0.0
13183,59.0,1201,20.0,128.0,358.7,69776.0,18348.0,15.399999999999999,1.0,54.50185306300414
13185,518.0,2550,158.0,141.0,462.29999999999995,71285.0,119739.0,14.2,13.0,108.56947193479151
13187,206.0,17678,64.0,152.1,494.5,52623.0,34796.0,15.399999999999999,1.0,28.738935509828718
13189,156.0,3740,53.0,188.5,566.3,71486.0,21713.0,12.1,0.0,0.0
13191,93.0,3798,33.0,129.4,374.3,50593.0,11180.0,17.7,1.0,89.44543828264759
13193,73.0,1893,29.0,165.8,426.4,51411.0,11765.0,17.0,3.0,254.99362515937102
13195,195.0,2365,68.0,177.7,503.30000000000007,40089.0,31473.0,23.800000000000004,0.0,0.0
13197,48.0,3809,21.0,159.4,374.9,58789.0,7449.0,12.2,0.0,0.0
13199,142.0,1423,53.0,170.4,465.0,47174.0,20845.0,19.4,2.0,95.9462700887503
13201,38.0,3435,14.0,168.0,462.2,53019.0,5807.0,16.6,0.0,0.0
13205,137.0,1292,51.0,174.2,490.30000000000007,45201.0,21116.0,22.9,0.0,0.0
13207,177.0,4470,58.0,150.9,466.30000000000007,45296.0,29427.0,22.699999999999996,1.0,33.982397118292724
13209,46.0,3208,21.0,190.3,398.6,76428.0,8655.0,11.4,0.0,0.0
13211,131.0,1602,45.0,167.40000000000003,494.6,48356.0,21031.0,20.199999999999996,71.0,3375.9688079501684
13213,224.0,2337,89.0,193.40000000000003,480.9,74340.0,40472.0,11.2,0.0,0.0
13215,1043.0,5332,375.0,180.2,495.1,62109.0,202616.0,13.3,27.0,133.25699846014138
13217,596.0,35163,204.0,181.8,507.8,53740.0,117621.0,17.8,2.0,17.003766334243036
13219,198.0,14313,53.0,116.9,429.1,72128.0,43588.0,12.3,3.0,68.82628246306322
13221,103.0,2583,36.0,167.4,501.2,114758.0,15469.0,6.0,1.0,64.64541987200207
13223,782.0,1954,222.0,150.3,487.8,62504.0,178421.0,12.7,13.0,72.86137842518538
13225,150.0,14003,65.0,195.6,444.9,87459.0,28562.0,7.9,74.0,2590.8549821441075
13227,277.0,5008,77.0,159.6,575.3,58471.0,34826.0,18.4,5.0,143.57089530810313
13229,117.0,3684,44.0,180.80000000000004,493.8999999999999,71955.0,20168.0,10.699999999999998,3.0,148.7504958349861
13231,118.0,3338,42.0,185.3,510.8,52695.0,19990.0,16.7,1.0,50.02501250625313
13233,253.0,1709,102.0,198.5,492.5,80626.0,43709.0,8.7,0.0,0.0
13235,65.0,6441,21.0,120.6,391.5,54894.0,9984.0,14.9,1.0,100.16025641025641
13237,163.0,1693,54.0,148.7,467.6,46975.0,22984.0,19.6,72.0,3132.6139923424994
13239,20.0,3027,10.0,209.3,442.5,62241.0,2249.0,13.3,0.0,0.0
13241,130.0,501,47.0,148.4,443.0,41516.0,17206.0,22.3,0.0,0.0
13243,45.0,2160,19.0,157.1,424.8999999999999,63387.0,6116.0,12.699999999999998,0.0,0.0
13245,1082.0,1635,409.0,185.4,482.1000000000001,39188.0,206640.0,27.4,103.0,498.45141308555947
13247,483.0,35823,158.0,158.2,459.4,50079.0,94984.0,18.4,5.0,52.640444706476885
13249,24.0,10561,10.0,151.9,358.1,71984.0,4496.0,11.2,0.0,0.0
13251,92.0,693,37.0,184.3,464.2,57510.0,13977.0,15.4,2.0,143.09222293768335
13253,52.0,2572,28.0,202.5,408.7,52713.0,9127.0,18.8,0.0,0.0
13255,431.0,2090,157.0,181.7,504.4,45223.0,68919.0,23.2,1.0,14.509786851231155
13257,180.0,13102,70.0,198.0,511.0,55086.0,26767.0,19.3,0.0,0.0
13259,27.0,3587,12.0,171.3,386.1,51980.0,4648.0,13.7,0.0,0.0
13261,194.0,1010,73.0,197.9,532.9,41158.0,28877.0,25.9,0.0,0.0
13263,47.0,6101,17.0,145.0,448.1,44677.0,5747.0,22.3,2.0,348.00765616843574
13265,13.0,1192,5.0,182.1,439.4,45163.0,1600.0,20.8,0.0,0.0
13267,119.0,315,48.0,167.9,401.2,42138.0,24064.0,20.0,0.0,0.0
13269,48.0,4732,20.0,161.4,402.8,47401.0,7737.0,23.5,2.0,258.4981258885873
13271,69.0,1708,33.0,147.7,324.3,44035.0,12354.0,22.5,1.0,80.94544277157196
13273,67.0,2834,25.0,211.0,554.0,41547.0,8754.0,30.600000000000005,0.0,0.0
13275,284.0,2462,112.0,189.8,489.8,53281.0,45561.0,29.2,10.0,219.48596387261034
13277,236.0,8921,87.0,184.1,507.8,52236.0,41412.0,19.8,0.0,0.0
13279,155.0,6697,67.0,199.2,474.0,52962.0,26837.0,16.6,0.0,0.0
13281,126.0,5593,39.0,148.2,524.8,45125.0,12972.0,21.1,0.0,0.0
13283,38.0,1597,18.0,195.2,442.1,59273.0,6365.0,12.9,1.0,157.10919088766693
13285,382.0,1297,140.0,171.7,469.1,43533.0,70191.0,21.7,0.0,0.0
13287,57.0,12263,22.0,205.7,548.2,55852.0,8842.0,17.8,0.0,0.0
13289,65.0,2218,22.0,170.0,518.1,40865.0,7680.0,25.5,9.0,1171.875
13291,223.0,1605,72.0,133.3,448.19999999999993,48772.0,26388.0,21.199999999999996,3.0,113.68804001819008
13293,172.0,2665,72.0,191.3,472.3,64588.0,28086.0,10.3,3.0,106.81478316599018
13295,379.0,5780,166.0,171.0,405.4,48061.0,68915.0,20.9,78.0,1131.8290647899585
13297,560.0,9937,186.0,166.5,498.1,53407.0,103065.0,14.8,3.0,29.107844564110028
13299,209.0,11458,84.0,180.09999999999997,460.69999999999993,83037.0,35614.0,11.3,3.0,84.23653619363172
13301,43.0,5943,19.0,213.0,518.8,48245.0,5155.0,17.6,0.0,0.0
13303,128.0,1189,52.0,190.4,471.8,44367.0,19738.0,23.4,33.0,1671.9019150876481
13305,186.0,3949,68.0,186.0,511.2,48462.0,30896.0,22.0,1.0,32.366649404453646
13307,19.0,5136,6.0,132.2,466.7,51102.0,2328.0,17.8,0.0,0.0
13309,29.0,421,12.0,133.3,317.1,45987.0,7314.0,18.1,0.0,0.0
13311,220.0,1565,71.0,151.6,485.8999999999999,35952.0,28806.0,31.100000000000005,0.0,0.0
13313,512.0,3391,175.0,153.3,445.4,62100.0,103132.0,12.1,2.0,19.392623046193226
13315,47.0,13161,19.0,158.9,404.3,61680.0,8761.0,12.9,1.0,114.1422212076247
13317,73.0,1790,33.0,202.3,469.7,44905.0,9599.0,26.4,0.0,0.0
13319,61.0,1766,21.0,156.8,482.7,47377.0,8681.0,18.6,2.0,230.38820412394887
17101,99.0,15239,42.0,194.4,476.8,64711.0,14914.0,14.5,2.0,134.10218586562962
17103,229.0,2109,92.0,179.1,471.4,57460.0,33848.0,16.6,2.0,59.0876861262113
17105,247.0,3757,93.0,178.8,504.59999999999997,67371.0,35521.0,12.1,0.0,0.0
17107,212.0,4054,77.0,193.6,554.1,74418.0,27591.0,12.0,131.0,4747.925048022906
17109,161.0,3303,62.0,161.4,437.1,53775.0,26861.0,13.599999999999998,50.0,1861.4347939391682
17111,1700.0,4971,541.0,154.9,466.5,52812.0,311747.0,20.4,11.0,35.28502279091699
17113,754.0,18106,263.0,149.0,425.5,99128.0,171141.0,5.9,130.0,759.6075750404638
17115,802.0,18099,271.0,173.7,546.0,71825.0,101483.0,11.2,131.0,1290.8565966713638
17117,352.0,14579,125.0,181.0,534.2,60648.0,44245.0,14.8,4.0,90.4056955588202
17119,1681.0,5241,602.0,168.8,489.1,69880.0,263864.0,12.1,13.0,49.26780462662584
17121,290.0,31585,115.0,207.9,565.4,67441.0,36914.0,12.3,36.0,975.239746437666
17123,91.0,5518,36.0,185.1,516.9,58489.0,11678.0,15.3,0.0,0.0
17125,110.0,1345,50.0,224.5,527.0,69593.0,12748.0,11.8,15.0,1176.6551615939757
17127,93.0,1598,37.0,169.0,459.29999999999995,60784.0,13896.0,12.7,1.0,71.96315486470928
17129,99.0,2076,28.0,155.5,567.2,52880.0,12121.0,15.2,0.0,0.0
17131,120.0,1034,47.0,186.3,534.4,78115.0,15504.0,8.6,86.0,5546.955624355005
17133,206.0,1318,60.0,125.5,446.1,70430.0,35033.0,8.6,22.0,627.979333771016
17135,206.0,2115,78.0,177.4,510.59999999999997,100487.0,28020.0,6.1,0.0,0.0
17137,266.0,3862,90.0,179.1,556.7,56381.0,32209.0,15.1,0.0,0.0
17139,92.0,3606,35.0,173.0,476.6,64842.0,14323.0,12.0,32.0,2234.168819381415
17141,335.0,1428,125.0,170.8,481.2,75505.0,51351.0,10.2,5.0,97.36908726217601
17143,1139.0,4320,393.0,170.1,504.1,78577.0,178383.0,8.5,290.0,1625.7154549480613
17145,138.0,23909,47.0,162.5,499.59999999999997,65421.0,20588.0,13.799999999999999,1.0,48.571983679813485
17147,109.0,2720,38.0,157.9,479.5,53051.0,16723.0,14.900000000000002,0.0,0.0
17149,122.0,1211,48.0,191.4,543.4,85430.0,14484.0,7.3,0.0,0.0
17151,33.0,2345,12.0,156.8,440.8,54244.0,3770.0,16.6,0.0,0.0
17153,43.0,589,18.0,215.5,516.6,54878.0,4991.0,15.9,0.0,0.0
17155,40.0,1188,14.0,142.9,424.8,44873.0,5572.0,24.5,148.0,26561.37832017229
17157,214.0,419,80.0,169.6,483.8,83029.0,30068.0,7.5,28.0,931.222562192364
17159,107.0,3999,39.0,159.9,477.5,62575.0,15435.0,14.6,0.0,0.0
17161,896.0,2208,333.0,162.1,462.69999999999993,56831.0,141527.0,14.5,99.0,699.5131670988575
17163,1491.0,20347,547.0,168.7,467.3,62652.0,252671.0,14.8,49.0,193.9280724736911
17165,170.0,39066,72.0,205.2,504.6,67185.0,23087.0,15.7,0.0,0.0
17167,1385.0,4253,426.0,160.6,539.8,50979.0,194534.0,18.9,119.0,611.7182600470869
17169,52.0,21500,18.0,154.6,483.59999999999997,73684.0,6746.0,11.2,15.0,2223.539875481767
17171,40.0,971,15.0,203.0,568.6,62968.0,4790.0,14.6,0.0,0.0
17173,176.0,542,52.0,142.4,538.3,64853.0,20761.0,11.5,103.0,4961.2253745002645
17175,41.0,2327,15.0,168.2,497.8,65396.0,5345.0,11.3,41.0,7670.720299345182
17177,292.0,595,119.0,161.7,429.3,59234.0,43627.0,11.4,30.0,687.6475577050909
17179,897.0,6005,304.0,160.6,501.6,60988.0,129911.0,14.0,219.0,1685.7694883420186
17181,124.0,11269,47.0,176.7,486.90000000000003,73285.0,16767.0,8.9,32.0,1908.5107651935348
17183,542.0,3383,213.0,194.0,515.4,51116.0,72337.0,20.7,32.0,442.3738888812088
17185,80.0,12043,29.0,157.3,482.4,52083.0,11087.0,17.3,2.0,180.3914494452963
17187,118.0,1497,41.0,170.1,523.6,63777.0,16354.0,13.900000000000002,104.0,6359.3004769475365
17189,102.0,2410,30.0,138.9,517.7,57357.0,13643.0,15.599999999999998,37.0,2712.013486769772
17191,110.0,1082,41.0,157.4,441.1,71958.0,15872.0,8.1,0.0,0.0
17193,94.0,2158,41.0,179.8,465.9,53359.0,13614.0,13.7,0.0,0.0
17195,388.0,1972,147.0,167.5,473.3,54611.0,54658.0,15.1,8.0,146.36466756924878
17197,3542.0,6944,1122.0,157.6,473.1,62038.0,696757.0,12.9,119.0,170.7912514693071
17199,453.0,48828,164.0,172.3,502.8,97076.0,66695.0,7.1,46.0,689.7068745783042
17201,1656.0,8195,638.0,169.7,455.6,64152.0,282188.0,12.7,34.0,120.48705118573433
18101,1085.571339563863,4719,25.0,171.2,461.11184933446606,70938.0,9803.0,10.3,0.0,0.0
18103,1085.571339563863,1232,82.0,174.7,461.1118493344661,64216.0,35674.0,12.8,0.0,0.0
18105,1085.571339563863,4366,202.0,137.8,461.1118493344661,60835.0,139745.0,13.599999999999998,6.0,42.9353465240259
18107,1085.571339563863,23312,83.0,154.7,461.1118493344661,64299.0,38273.0,18.2,0.0,0.0
18109,1085.571339563863,4082,152.0,169.1,461.1118493344661,66283.0,72236.0,11.0,11.0,152.27864222825184
18111,1085.571339563863,6594,35.0,164.1,461.1118493344661,75542.0,13823.0,9.2,0.0,0.0
18113,1085.571339563863,1703,104.0,180.6,461.11184933446617,66837.0,47367.0,12.5,0.0,0.0
18115,1085.571339563863,4571,17.0,164.2,461.1118493344661,69567.0,6114.0,9.8,0.0,0.0
18117,1085.571339563863,553,58.0,204.8,461.1118493344661,70618.0,19623.0,9.1,0.0,0.0
18119,1085.571339563863,2809,56.0,188.9,461.1118493344661,54128.0,21482.0,14.5,5.0,232.75300251373244
18121,1085.571339563863,2964,39.0,163.1,461.1118493344661,62460.0,16369.0,14.0,2.0,122.18217362086871
18123,1085.571339563863,2213,46.0,172.0,461.1118493344661,64700.0,19183.0,14.4,4.0,208.51795860918523
18125,1085.571339563863,2903,35.0,190.9,461.1118493344661,55503.0,12168.0,16.6,2.0,164.3655489809336
18127,1085.571339563863,1410,344.0,163.0,461.1118493344661,63487.0,174791.0,11.8,80.0,457.689469137427
18129,1085.571339563863,15180,56.0,159.5,461.11184933446617,84352.0,25063.0,8.9,0.0,0.0
18131,1085.571339563863,2416,37.0,200.4,461.1118493344661,75907.0,12485.0,9.7,0.0,0.0
18133,1085.571339563863,1660,90.0,188.6,461.1118493344661,60487.0,37301.0,13.5,0.0,0.0
18135,1085.571339563863,3125,65.0,171.0,461.1118493344661,68301.0,24437.0,9.5,0.0,0.0
18137,1085.571339563863,3714,65.0,167.6,461.11184933446606,56920.0,29087.0,15.399999999999999,2.0,68.75923952281089
18139,1085.571339563863,3410,40.0,170.2,461.1118493344661,63571.0,16673.0,12.0,1.0,59.97720866070893
18141,1085.571339563863,2003,548.0,166.8,461.1118493344661,61653.0,272234.0,12.2,283.0,1039.5468604215491
18143,1085.571339563863,34388,70.0,232.9,461.1118493344661,61028.0,24588.0,13.199999999999998,0.0,0.0
18145,1085.571339563863,3720,111.0,185.7,461.1118493344661,57837.0,44991.0,15.4,2.0,44.453335111466735
18147,1085.571339563863,6233,46.0,154.2,461.1118493344661,66045.0,19967.0,14.1,10.0,500.8263634997747
18149,1085.571339563863,1850,63.0,190.6,461.1118493344661,70440.0,23258.0,9.3,23.0,988.9070427379827
18151,1085.571339563863,2907,77.0,154.4,461.1118493344661,58523.0,34725.0,12.6,0.0,0.0
18153,1085.571339563863,3078,51.0,188.2,461.11184933446617,73250.0,20670.0,9.4,8.0,387.0343492985003
18155,1085.571339563863,2339,24.0,169.8,461.11184933446606,55497.0,10006.0,12.7,0.0,0.0
18157,1085.571339563863,1340,255.0,146.9,461.1118493344661,63246.0,188717.0,13.6,48.0,254.34910474414067
18159,1085.571339563863,33200,38.0,167.7,461.1118493344661,56088.0,15361.0,19.2,1.0,65.09992839007877
18161,1085.571339563863,1527,19.0,185.9,461.1118493344661,65025.0,6952.0,10.1,43.0,6185.270425776755
18163,1085.571339563863,782,406.0,171.6,461.11184933446606,61171.0,179744.0,11.3,28.0,155.77710521630763
18165,1085.571339563863,26687,45.0,202.2,461.1118493344661,57997.0,15451.0,15.4,0.0,0.0
18167,1085.571339563863,2130,238.0,179.0,461.11184933446606,58280.0,106006.0,14.0,11.0,103.7677112616267
18169,1085.571339563863,17975,87.0,181.2,461.1118493344661,52286.0,30828.0,18.5,2.0,64.8760866744518
18171,1085.571339563863,3400,17.0,134.2,461.11184933446606,64025.0,8461.0,11.5,0.0,0.0
18173,1085.571339563863,803,125.0,151.4,461.1118493344661,73539.0,65185.0,9.6,10.0,153.40952673161004
18175,1085.571339563863,4762,65.0,181.3,461.1118493344661,84567.0,28224.0,7.4,0.0,0.0
18177,1085.571339563863,3504,163.0,172.9,461.1118493344661,65342.0,66273.0,12.6,42.0,633.7422479742881
18179,1085.571339563863,11373,66.0,169.2,461.11184933446617,51622.0,28335.0,17.8,0.0,0.0
18181,1085.571339563863,2525,63.0,175.0,461.1118493344661,68879.0,24598.0,9.1,10.0,406.5371168387674
19101,109.0,3182,37.0,137.6,400.5,69047.0,15698.0,8.8,4.0,254.80952987641737
19103,653.0,2031,171.0,124.9,469.9,59603.0,156420.0,13.6,159.0,1016.4940544687381
19105,140.0,22481,44.0,137.3,467.9,74909.0,20848.0,15.3,0.0,0.0
19107,74.0,2076,25.0,156.0,516.0,70671.0,9904.0,10.6,7.0,706.7851373182552
19109,110.0,1155,36.0,136.0,466.8,65653.0,14475.0,11.8,0.0,0.0
19111,253.0,1236,88.0,169.9,517.7,65510.0,32840.0,8.7,0.0,0.0
19113,1346.0,4255,417.0,152.0,501.0,59017.0,229033.0,13.5,55.0,240.14006715189515
19115,70.0,20251,24.0,154.8,467.1,74134.0,10677.0,9.1,43.0,4027.348506134682
19117,58.0,1149,21.0,146.3,458.69999999999993,70953.0,8689.0,10.900000000000002,9.0,1035.7923811715962
19119,74.0,1391,26.0,152.9,476.0,60245.0,12179.0,16.1,0.0,0.0
19121,103.0,802,35.0,161.1,495.6000000000001,74061.0,17036.0,6.7,18.0,1056.5860530640996
19123,137.0,1132,55.0,176.0,471.1,80887.0,21946.0,6.7,7.0,318.96473161396153
19125,224.0,2192,80.0,177.3,518.4,68759.0,33642.0,10.3,9.0,267.5227394328518
19127,250.0,2597,84.0,149.5,476.0,73451.0,39879.0,8.1,35.0,877.654906090925
19129,100.0,4283,34.0,166.6,491.6,69818.0,14553.0,11.1,21.0,1443.001443001443
19131,70.0,1283,27.0,147.0,472.80000000000007,75835.0,10532.0,8.9,0.0,0.0
19133,72.0,1186,26.0,163.3,506.4,65132.0,8486.0,11.5,6.0,707.0469007777516
19135,58.0,941,22.0,187.6,527.8,60237.0,7550.0,11.3,6.0,794.7019867549669
19137,82.0,729,31.0,192.4,554.8,66176.0,10205.0,9.8,0.0,0.0
19139,272.0,1119,90.0,165.6,511.59999999999997,58895.0,42377.0,11.2,0.0,0.0
19141,99.0,5116,33.0,140.0,496.1000000000001,69096.0,14060.0,12.3,10.0,711.2375533428166
19143,42.0,1186,16.0,153.0,446.8,67470.0,6036.0,8.7,4.0,662.6905235255136
19145,120.0,646,36.0,137.0,504.3,64993.0,15143.0,10.9,0.0,0.0
19147,82.0,1738,30.0,195.8,658.1,60567.0,8764.0,12.5,0.0,0.0
19149,166.0,950,51.0,140.5,498.30000000000007,65438.0,25681.0,11.2,54.0,2102.7218566255206
19151,58.0,1680,21.0,172.1,541.5,79431.0,7053.0,6.6,0.0,0.0
19153,2434.0,760,792.0,158.4,476.4,61927.0,501089.0,11.0,457.0,912.0136343044849
19155,590.0,50460,215.0,173.7,489.0,77369.0,93173.0,10.2,20.0,214.6544599830423
19157,116.0,10637,45.0,154.7,443.3,68712.0,18467.0,11.7,1.0,54.15064710023285
19159,42.0,1498,20.0,215.2,506.3999999999999,69566.0,4670.0,8.9,0.0,0.0
19161,72.0,601,28.0,163.8,470.7,60061.0,9673.0,13.2,5.0,516.9027189083015
19163,1048.0,902,346.0,159.4,495.19999999999993,72499.0,173924.0,9.5,98.0,563.4645017363906
19165,84.0,20116,29.0,144.3,468.7,68576.0,11645.0,11.8,0.0,0.0
19167,191.0,1007,50.0,113.2,476.8,71628.0,36050.0,8.8,0.0,0.0
19169,395.0,2695,124.0,135.7,445.5,75994.0,99673.0,8.0,113.0,1133.7072226179607
19171,121.0,14563,44.0,174.2,514.0,68720.0,16903.0,16.6,22.0,1301.544104596817
19173,42.0,2243,13.0,136.1,449.0,66295.0,5858.0,13.5,0.0,0.0
19175,83.0,719,33.0,183.0,481.4,56021.0,11887.0,12.4,16.0,1346.0082443004965
19177,49.0,1501,25.0,221.5,459.2,55812.0,7256.0,13.0,4.0,551.2679162072767
19179,242.0,928,87.0,179.4,521.7,64550.0,35043.0,12.9,6.0,171.2182176183546
19181,277.0,5473,88.0,144.6,450.80000000000007,61555.0,54327.0,16.1,10.0,184.0705358293298
19183,145.0,3305,52.0,160.8,489.1,90943.0,22571.0,6.3,43.0,1905.099463913872
19185,46.0,2188,20.0,197.3,481.8999999999999,70539.0,6467.0,9.9,0.0,0.0
19187,241.0,921,85.0,164.5,497.19999999999993,58000.0,36626.0,14.5,25.0,682.5752197892207
19189,66.0,4197,23.0,133.5,430.0,67110.0,10617.0,12.5,0.0,0.0
19191,130.0,1015,37.0,113.60000000000001,460.0,66776.0,19974.0,10.1,1.0,50.065084609992994
19193,590.0,1777,210.0,176.4,506.0,72032.0,105671.0,9.7,118.0,1116.673448722923
19195,55.0,13386,20.0,173.1,524.3,66830.0,7319.0,13.0,11.0,1502.9375597759256
20101,1085.571339563863,2969,6.0,220.8,461.1118493344661,52318.0,1556.0,15.3,23.0,14781.491002570694
20103,1085.571339563863,163,153.0,166.2,461.1118493344661,64934.0,82892.0,10.6,53.0,639.3861892583121
20105,1085.571339563863,7294,8.0,157.0,461.11184933446606,79117.0,2899.0,9.5,0.0,0.0
20107,1085.571339563863,322,27.0,169.9,461.1118493344661,58049.0,9796.0,11.3,0.0,0.0
20109,1085.571339563863,1246,6.0,153.9,461.1118493344661,59651.0,2705.0,12.8,0.0,0.0
20111,1085.571339563863,262,62.0,162.3,461.11184933446606,63204.0,31898.0,9.8,12.0,376.1991347419901
20113,1085.571339563863,4935,71.0,154.6,461.1118493344661,55863.0,30012.0,16.1,82.0,2732.24043715847
20115,1085.571339563863,2860,34.0,163.6,461.11184933446617,73766.0,11868.0,10.2,51.0,4297.269969666329
20117,1085.571339563863,1141,27.0,162.2,461.1118493344661,64337.0,9982.0,10.2,0.0,0.0
20119,1085.571339563863,1045,10.0,148.9,461.1118493344661,58942.0,3897.0,10.699999999999998,12.0,3079.2917628945343
20121,1085.571339563863,378,58.0,129.6,461.1118493344661,68038.0,34867.0,9.9,0.0,0.0
20123,1085.571339563863,2377,14.0,135.4,461.1118493344661,82606.0,5738.0,6.9,0.0,0.0
20125,1085.571339563863,680,79.0,166.6,461.11184933446606,63929.0,30996.0,12.1,51.0,1645.3735965931087
20127,1085.571339563863,4559,16.0,168.2,461.11184933446617,54955.0,5349.0,15.1,12.0,2243.409983174425
20129,1085.571339563863,555,7.0,175.1,461.11184933446606,60741.0,2599.0,10.6,1.0,384.76337052712586
20131,1085.571339563863,311,28.0,175.1,461.1118493344661,62896.0,10115.0,12.2,3.0,296.58922392486403
20133,1085.571339563863,869,42.0,179.80000000000004,461.1118493344661,72719.0,15606.0,8.8,94.0,6023.324362424708
20135,1085.571339563863,2360,8.0,150.4,461.11184933446617,49322.0,2645.0,15.6,0.0,0.0
20137,1085.571339563863,289,10.0,120.6,461.1118493344661,61539.0,5301.0,11.3,0.0,0.0
20139,1085.571339563863,699,39.0,167.4,461.11184933446606,56604.0,15654.0,16.1,0.0,0.0
20141,1085.571339563863,1743,11.0,159.1,461.1118493344661,62995.0,3490.0,11.3,0.0,0.0
20143,1085.571339563863,467,14.0,167.1,461.11184933446617,53971.0,5795.0,13.8,66.0,11389.128559102674
20145,1085.571339563863,573,17.0,159.6,461.11184933446617,69542.0,6179.0,10.1,27.0,4369.639100178022
20147,1085.571339563863,789,14.0,154.6,461.1118493344661,47939.0,4809.0,14.6,0.0,0.0
20149,1085.571339563863,589,38.0,141.5,461.11184933446606,58834.0,26273.0,12.4,22.0,837.361549880105
20151,1085.571339563863,1906,24.0,159.5,461.11184933446617,85822.0,9067.0,7.4,52.0,5735.083268997463
20153,1085.571339563863,876,8.0,160.6,461.1118493344661,65812.0,2528.0,10.2,0.0,0.0
20155,1085.571339563863,274,140.0,151.9,461.1118493344661,59116.0,61516.0,11.0,52.0,845.3085376162298
20157,1085.571339563863,9000,16.0,192.2,461.1118493344661,57663.0,4642.0,15.3,0.0,0.0
20159,1085.571339563863,461,22.0,162.8,461.1118493344661,53974.0,9407.0,10.1,5.0,531.5190815350271
20161,1085.571339563863,960,78.0,139.3,461.1118493344661,61727.0,71108.0,10.8,22.0,309.388535748439
20163,1085.571339563863,12237,12.0,144.7,461.1118493344661,55876.0,4813.0,20.2,0.0,0.0
20165,1085.571339563863,518,11.0,200.90000000000003,461.1118493344661,57029.0,2927.0,11.2,47.0,16057.396651861976
20167,1085.571339563863,416,22.0,196.0,461.1118493344661,56629.0,6639.0,14.6,0.0,0.0
20169,1085.571339563863,946,124.0,165.9,461.1118493344661,48754.0,53596.0,14.4,66.0,1231.4351817299798
20171,1085.571339563863,6832,12.0,156.9,461.11184933446606,57563.0,5014.0,13.1,23.0,4587.155963302753
20173,1085.571339563863,368,929.0,159.2,461.1118493344661,71121.0,525525.0,7.5,292.0,555.634841349127
20175,1085.571339563863,81103,26.0,138.5,461.11184933446617,64720.0,21358.0,15.7,12.0,561.850360520648
20177,1085.571339563863,2880,401.0,165.3,461.1118493344661,63579.0,177480.0,13.7,49.0,276.087446472842
20179,1085.571339563863,23618,6.0,115.6,461.11184933446606,61255.0,2425.0,13.599999999999998,0.0,0.0
20181,1085.571339563863,261,12.0,137.4,461.1118493344661,62918.0,5830.0,10.9,0.0,0.0
20183,1085.571339563863,720,11.0,162.4,461.1118493344661,57044.0,3533.0,12.8,0.0,0.0
20185,1085.571339563863,393,10.0,142.7,461.1118493344661,52101.0,3993.0,11.3,27.0,6761.8332081142
20187,1085.571339563863,498,4.0,132.0,461.11184933446606,58019.0,1963.0,12.8,1.0,509.4243504839531
20189,1085.571339563863,198,10.0,148.6,461.1118493344661,76137.0,5175.0,10.2,12.0,2318.840579710145
20191,1085.571339563863,507,57.0,168.8,461.1118493344661,69320.0,22473.0,10.0,95.0,4227.294976193655
20193,1085.571339563863,2905,15.0,142.7,461.11184933446617,62921.0,7893.0,13.1,0.0,0.0
20195,1085.571339563863,771,11.0,185.7,461.11184933446606,62916.0,2752.0,10.3,0.0,0.0
20197,1085.571339563863,295,15.0,145.1,461.1118493344661,54628.0,7019.0,10.9,22.0,3134.349622453341
20199,1085.571339563863,533,3.0,159.1,461.11184933446617,68435.0,1488.0,7.8,2.0,1344.0860215053765
20201,1085.571339563863,197,15.0,143.7,461.1118493344661,62309.0,5501.0,13.5,0.0,0.0
20203,1085.571339563863,520,5.0,190.2,461.1118493344661,63797.0,2064.0,9.6,0.0,0.0
20205,1085.571339563863,225,25.0,187.59999999999997,461.11184933446606,68225.0,8622.0,11.099999999999998,48.0,5567.153792623521
20207,1085.571339563863,1158,9.0,161.4,461.1118493344661,52064.0,3109.0,13.699999999999998,47.0,15117.401093599228
21101,283.0,3935,113.0,186.9,471.2,47229.0,44046.0,20.4,23.0,522.1813558552423
21103,114.0,7505,44.0,208.8,534.4,55530.0,15771.0,17.4,5.0,317.03760065943817
21105,30.0,2029,15.0,182.0,436.4,65068.0,4422.0,13.0,0.0,0.0
21107,301.0,690,123.0,198.5,494.2,53838.0,44812.0,16.1,10.0,223.15451218423635
21109,87.0,8415,35.0,191.3,495.2,52198.0,12973.0,19.3,40.0,3083.3269097356047
21111,4755.0,3146,1596.0,167.9,507.1,41007.0,773399.0,24.5,296.0,382.72612196291954
21113,302.0,115319,98.0,155.1,483.70000000000005,64719.0,54254.0,15.199999999999998,1.0,18.431820695248277
21115,167.0,6479,70.0,236.1,549.9,69216.0,22244.0,12.3,23.0,1033.98669304082
21117,984.0,5687,322.0,173.3,516.5,42877.0,170313.0,26.0,63.0,369.90717091472754
21119,97.0,18257,43.0,205.89999999999998,479.0,77284.0,13874.0,10.8,8.0,576.6181346403345
21121,224.0,3892,94.0,230.5,566.2,38456.0,29791.0,29.2,27.0,906.313987445873
21123,93.0,9557,37.0,193.2,496.0,36573.0,15163.0,33.1,11.0,725.4501088175163
21125,376.0,2687,153.0,200.8,493.0,53939.0,62885.0,18.0,67.0,1065.4369086427605
21127,116.0,12616,48.0,230.30000000000004,565.7,50721.0,16109.0,20.4,22.0,1365.696194673785
21129,56.0,4134,22.0,222.4,574.7,42776.0,7261.0,25.9,31.0,4269.384382316485
21131,71.0,2230,35.0,251.8,509.9,34632.0,10093.0,36.4,8.0,792.6285544436738
21133,159.0,2930,69.0,220.5,520.9,36666.0,20893.0,30.1,14.0,670.0808883358062
21135,94.0,5910,42.0,223.4,516.6,37854.0,12954.0,28.7,1.0,77.1962328238382
21137,189.0,2946,70.0,207.8,584.7,44098.0,24360.0,23.1,2.0,82.10180623973727
21139,79.0,4426,32.0,214.1,568.9,49814.0,8963.0,18.4,25.0,2789.2446725426753
21141,191.0,1300,73.0,198.4,536.2,55355.0,27877.0,14.6,0.0,0.0
21143,64.0,4237,24.0,161.1,476.3,56823.0,9101.0,15.4,6.0,659.2682122843643
21145,465.0,1082,160.0,165.5,507.1,58938.0,67490.0,14.9,20.0,296.340198547933
21147,102.0,10063,46.0,222.7,486.1,60026.0,16701.0,15.2,27.0,1616.6696604993715
21149,71.0,5190,26.0,196.0,546.6,35443.0,9105.0,34.6,10.0,1098.297638660077
21151,476.0,1236,169.0,174.4,484.8999999999999,55555.0,95187.0,13.699999999999998,31.0,325.6747244896887
21153,76.0,14003,33.0,203.7,462.2,60994.0,11357.0,15.5,1.0,88.05142203046579
21155,129.0,3340,43.0,176.5,543.2,35669.0,19775.0,29.8,19.0,960.8091024020227
21157,240.0,3588,94.0,193.40000000000003,514.0,53676.0,31777.0,18.6,19.0,597.9167322277118
21159,74.0,3939,32.0,229.9,507.8,64395.0,11095.0,12.6,2.0,180.26137899954935
21161,114.0,3451,45.0,198.19999999999996,500.3999999999999,34435.0,16930.0,36.2,0.0,0.0
21163,165.0,3344,65.0,200.0,491.1,49029.0,30001.0,20.1,6.0,199.99333355554816
21165,46.0,3525,21.0,217.0,476.69999999999993,69632.0,6250.0,11.900000000000002,1.0,160.0
21167,175.0,1424,59.0,190.4,581.5,43226.0,22902.0,23.1,1.0,43.664308793991786
21169,74.0,2865,31.0,205.9,527.7,65292.0,10370.0,12.7,0.0,0.0
21171,82.0,2492,34.0,226.5,572.4,44973.0,11355.0,24.3,0.0,0.0
21173,182.0,2337,74.0,215.1,531.4,45872.0,28367.0,20.9,8.0,282.01783762823
21175,82.0,4279,37.0,226.0,481.4,55924.0,14120.0,15.3,1.0,70.82152974504248
21177,205.0,3042,79.0,180.90000000000003,478.1,41863.0,30455.0,25.199999999999996,10.0,328.3533081595797
21179,289.0,6264,101.0,186.1,524.7,48190.0,47392.0,21.7,46.0,970.6279540850776
21181,48.0,5263,19.0,200.1,522.3,66681.0,7805.0,11.2,8.0,1024.9839846252403
21183,149.0,1356,63.0,197.7,479.7,51100.0,23527.0,17.7,0.0,0.0
21185,387.0,4014,102.0,149.6,528.0,50275.0,69431.0,17.3,41.0,590.5143235730438
21187,80.0,2836,23.0,156.0,543.9,116173.0,11290.0,4.4,1.0,88.57395925597875
21189,36.0,1632,15.0,231.3,574.9,60592.0,3929.0,14.6,31.0,7890.048358360906
21191,98.0,1263,37.0,200.0,528.9,32783.0,14676.0,32.9,0.0,0.0
21193,196.0,2090,92.0,267.4,578.1,65727.0,27361.0,14.4,8.0,292.3869741603011
21195,440.0,7200,176.0,215.0,547.3,43945.0,56286.0,27.0,3.0,53.299221831361265
21197,88.0,13778,36.0,236.9,597.4,41837.0,13083.0,25.1,0.0,0.0
21199,454.0,3334,180.0,201.7,514.7,42434.0,65795.0,26.199999999999996,6.0,91.19233984345314
21201,16.0,12116,5.0,143.5,527.8,46380.0,2229.0,18.8,0.0,0.0
21203,120.0,419,41.0,185.0,535.6,53456.0,16242.0,19.3,36.0,2216.475803472479
21205,122.0,3837,48.0,185.8,479.8,45161.0,24388.0,24.2,1.0,41.00377234705593
21207,137.0,4632,57.0,220.2,550.4,50498.0,18178.0,21.4,0.0,0.0
21209,268.0,3612,86.0,160.5,468.1000000000001,44425.0,59099.0,20.2,1.0,16.920760080542816
21211,271.0,4818,93.0,163.6,460.0,86169.0,48886.0,8.3,30.0,613.6726261097247
21213,114.0,4235,47.0,202.6,484.0,81815.0,19949.0,8.9,0.0,0.0
21215,121.0,3011,35.0,163.8,526.5,58550.0,20204.0,15.6,8.0,395.9611958028113
21217,184.0,1664,70.0,204.8,568.1,101552.0,26407.0,8.3,0.0,0.0
21219,70.0,4445,32.0,208.69999999999996,462.1000000000001,52414.0,12404.0,17.8,0.0,0.0
21221,101.0,2093,40.0,169.2,444.1,53280.0,14332.0,17.1,0.0,0.0
21223,55.0,1971,20.0,175.80000000000004,485.8999999999999,56433.0,8539.0,13.800000000000002,0.0,0.0
21225,78.0,1027,36.0,195.7,429.0,65828.0,12961.0,12.1,0.0,0.0
21227,615.0,2185,229.0,173.3,463.9,58223.0,139843.0,17.2,5.0,35.75438169947727
21229,78.0,24613,34.0,204.09999999999997,484.80000000000007,60651.0,12061.0,18.4,19.0,1575.3254290689
21231,144.0,1710,59.0,190.7,492.2,59937.0,19681.0,14.4,0.0,0.0
21233,78.0,5552,35.0,202.6,455.9,39863.0,12726.0,28.8,0.0,0.0
21235,234.0,1814,105.0,239.4,544.1,56052.0,36873.0,14.7,27.0,732.243104710764
21237,54.0,9224,24.0,243.9,538.5,43604.0,6400.0,26.3,0.0,0.0
22101,312.0,9246,122.0,188.4,490.3,54265.0,47789.0,18.2,1.0,20.925317541693694
22103,1618.0,11575,493.0,151.4,490.8,48242.0,273263.0,24.6,43.0,157.3575639585308
22105,710.0,29091,265.0,179.09999999999997,471.30000000000007,78629.0,137048.0,10.7,66.0,481.5830949740237
22107,30.0,25934,15.0,179.40000000000003,423.4,54942.0,3846.0,19.5,20.0,5200.208008320333
22109,640.0,1347,240.0,188.2,500.5,33290.0,104786.0,35.0,14.0,133.60563434046531
22111,156.0,17009,62.0,191.4,488.8999999999999,57376.0,20721.0,16.4,1.0,48.26021910139472
22113,356.0,4719,120.0,163.6,496.3,48003.0,56952.0,23.3,15.0,263.3796881584492
22115,235.0,11561,100.0,218.7,511.8,50554.0,47247.0,20.5,0.0,0.0
22117,299.0,8313,121.0,194.0,495.5,52626.0,45025.0,18.3,0.0,0.0
22119,266.0,9956,108.0,192.3,493.1,41779.0,35643.0,23.1,0.0,0.0
22121,146.0,7931,44.0,144.4,486.6,43698.0,28034.0,22.5,11.0,392.380680602126
22123,71.0,3313,29.0,185.2,477.8,71362.0,9475.0,12.1,0.0,0.0
22125,95.0,1861,32.0,163.9,474.0,41380.0,15381.0,19.8,0.0,0.0
26101,180.0,84662,83.0,183.2,437.6,73927.0,25287.0,9.8,0.0,0.0
26103,350.0,3115,137.0,146.9,387.5,55788.0,66661.0,13.0,3.0,45.00382532515264
26105,180.0,7141,80.0,164.5,396.3,61598.0,29409.0,11.4,6.0,204.01917780271344
26107,245.0,2972,101.0,177.7,445.4,64014.0,40720.0,10.2,49.0,1203.3398821218075
26109,149.0,8089,67.0,160.9,391.1,56096.0,23266.0,20.4,85.0,3653.399810882833
26111,515.0,2792,174.0,148.1,461.3999999999999,50564.0,83674.0,12.2,6.0,71.70686234672658
26113,98.0,7341,35.0,149.8,449.19999999999993,77595.0,15213.0,8.9,0.0,0.0
26115,796.0,2007,347.0,169.7,391.3,59230.0,155609.0,13.3,96.0,616.9308973131374
26117,368.0,14729,147.0,171.1,441.9,72166.0,67433.0,9.6,0.0,0.0
26119,80.0,9215,38.0,208.6,455.0,61590.0,9569.0,14.800000000000002,0.0,0.0
26121,811.0,1549,397.0,176.2,365.3,50680.0,176565.0,16.3,41.0,232.20910146405006
26123,301.0,24813,117.0,169.8,449.5,58303.0,50886.0,14.5,49.0,962.9367606021303
26125,7167.0,6648,2269.0,139.2,445.2,57992.0,1269431.0,13.3,516.0,406.4813290363951
26127,136.0,102636,66.0,162.5,350.2,90801.0,26973.0,8.2,0.0,0.0
26129,180.0,4314,75.0,193.5,490.0,56853.0,20970.0,16.2,12.0,572.2460658082977
26131,46.0,3399,25.0,171.1,332.9,53480.0,5863.0,16.4,0.0,0.0
26133,151.0,834,64.0,180.3,435.9,45694.0,23274.0,14.3,35.0,1503.8240096244738
26135,67.0,3594,30.0,195.8,463.2,54727.0,8404.0,15.7,12.0,1427.8914802475012
26137,146.0,1502,59.0,160.8,410.69999999999993,46626.0,25644.0,18.0,0.0,0.0
26139,1270.0,2744,449.0,135.5,391.5,65915.0,300873.0,10.8,41.0,136.27012061567504
26141,100.0,23817,42.0,156.6,428.3,85968.0,13361.0,8.2,0.0,0.0
26143,238.0,1626,103.0,206.09999999999997,487.69999999999993,56375.0,23708.0,12.3,12.0,506.15825881558965
26145,1238.0,3845,437.0,159.1,472.79999999999995,49151.0,188330.0,16.3,86.0,456.6452503584134
26147,1043.0,33127,385.0,170.9,470.0,54064.0,160151.0,18.1,71.0,443.33160579702906
26149,315.0,20337,137.0,168.1,400.7,64894.0,60874.0,12.8,0.0,0.0
26151,280.0,7936,117.0,183.5,456.4,60489.0,40657.0,13.2,13.0,319.74813685220255
26153,56.0,5751,29.0,186.30000000000004,375.6000000000001,56079.0,8188.0,14.300000000000002,0.0,0.0
26155,399.0,1033,160.0,168.4,429.0,56707.0,68022.0,12.800000000000002,6.0,88.20675663755844
26157,339.0,8145,137.0,169.3,437.9,61959.0,52945.0,12.1,23.0,434.4130701671546
26159,450.0,6411,173.0,171.1,445.8,61978.0,75692.0,12.300000000000002,15.0,198.1715372826719
26161,1685.0,10781,540.0,139.9,428.1,61638.0,366376.0,14.4,407.0,1110.8806253684738
26163,9675.0,47071,3611.0,170.5,461.40000000000003,80941.0,1757043.0,13.6,776.0,441.651114969867
27101,1085.571339563863,3763,19.0,121.2,461.1118493344661,68718.0,8060.0,9.5,0.0,0.0
27103,1085.571339563863,755,56.0,134.1,461.1118493344661,68665.0,34441.0,9.4,45.0,1306.5822711303388
27105,1085.571339563863,2860,46.0,163.4,461.1118493344661,78091.0,21947.0,9.0,4.0,182.25725611700915
27107,1085.571339563863,2389,19.0,169.1,461.1118493344661,65374.0,6377.0,11.1,0.0,0.0
27109,1085.571339563863,626,242.0,127.1,461.1118493344661,64319.0,164020.0,10.0,354.0,2158.273381294964
27111,1085.571339563863,14379,141.0,137.0,461.1118493344661,88032.0,60519.0,8.9,23.0,380.04593598704537
27113,1085.571339563863,5203,28.0,142.7,461.11184933446617,65076.0,13845.0,8.7,4.0,288.912964969303
27115,1085.571339563863,1296,71.0,153.7,461.11184933446617,76423.0,29446.0,9.6,5.0,169.80235006452492
27117,1085.571339563863,3376,23.0,150.3,461.11184933446606,65139.0,9355.0,11.900000000000002,0.0,0.0
27119,1085.571339563863,996,78.0,176.2,461.1118493344661,65499.0,30731.0,10.8,23.0,748.4299241807946
27121,1085.571339563863,3170,24.0,129.4,461.11184933446606,69538.0,11431.0,10.7,1.0,87.48141020033242
27123,1085.571339563863,1162,892.0,145.2,461.1118493344661,68888.0,536413.0,10.3,325.0,605.8764422189619
27125,1085.571339563863,72217,10.0,155.1,461.1118493344661,75041.0,3874.0,13.800000000000002,4.0,1032.5245224574085
27127,1085.571339563863,371,35.0,142.1,461.1118493344661,74120.0,15361.0,9.7,0.0,0.0
27129,1085.571339563863,1662,37.0,159.2,461.1118493344661,66582.0,14525.0,11.0,32.0,2203.098106712565
27131,1085.571339563863,1563,115.0,144.4,461.11184933446606,66568.0,67693.0,11.0,2.0,29.545152379123394
27133,1085.571339563863,6425,23.0,158.0,461.1118493344661,77962.0,9537.0,10.6,0.0,0.0
27135,1085.571339563863,811,28.0,130.5,461.11184933446617,69835.0,15292.0,8.7,0.0,0.0
27137,1085.571339563863,1481,459.0,157.8,461.1118493344661,71794.0,199532.0,9.8,110.0,551.2900186436261
27139,1085.571339563863,28093,179.0,136.4,461.1118493344661,63141.0,154520.0,14.6,85.0,550.0906031581673
27141,1085.571339563863,6968,131.0,146.3,461.1118493344661,115687.0,100824.0,4.6,5.0,49.591367134809175
27143,1085.571339563863,6015,35.0,168.4,461.1118493344661,97999.0,14955.0,6.1,0.0,0.0
27145,1085.571339563863,1184,269.0,144.3,461.1118493344661,75596.0,160405.0,8.0,34.0,211.96346747295908
27147,1085.571339563863,17033,68.0,133.3,461.11184933446606,72378.0,37398.0,11.099999999999998,0.0,0.0
27149,1085.571339563863,3294,18.0,144.0,461.1118493344661,75474.0,9637.0,8.9,0.0,0.0
27151,1085.571339563863,958,23.0,152.7,461.1118493344661,69171.0,9755.0,10.7,0.0,0.0
27153,1085.571339563863,901,48.0,122.09999999999998,461.1118493344661,67166.0,25538.0,9.5,0.0,0.0
27155,1085.571339563863,2561,11.0,154.2,461.11184933446606,66300.0,3275.0,10.099999999999998,0.0,0.0
27157,1085.571339563863,434,51.0,144.6,461.11184933446617,63913.0,21658.0,13.7,14.0,646.4124111182934
27159,1085.571339563863,1597,40.0,185.0,461.1118493344661,78953.0,14307.0,7.5,5.0,349.47927587894037
27161,1085.571339563863,1652,37.0,145.0,461.1118493344661,57527.0,18893.0,11.8,15.0,793.944847297941
27163,1085.571339563863,1520,407.0,137.4,461.1118493344661,71519.0,275912.0,8.4,198.0,717.6201107599524
27165,1085.571339563863,15451,26.0,157.5,461.11184933446606,107649.0,11075.0,5.700000000000001,0.0,0.0
27167,1085.571339563863,1685,16.0,172.0,461.1118493344661,61295.0,6350.0,15.5,17.0,2677.1653543307084
27169,1085.571339563863,638,98.0,152.8,461.1118493344661,71924.0,49478.0,10.2,6.0,121.26601721977445
27171,1085.571339563863,6607,201.0,147.2,461.1118493344661,65699.0,148003.0,14.3,35.0,236.48169293865666
28101,119.0,6533,45.0,168.3,464.6,50331.0,21029.0,23.3,1.0,47.55337866755433
28103,59.0,3922,23.0,179.3,463.19999999999993,47320.0,9990.0,19.5,3.0,300.3003003003003
28105,171.0,2751,69.0,160.09999999999997,399.69999999999993,36608.0,51427.0,28.0,3.0,58.33511579520486
28107,203.0,10762,83.0,196.9,487.3,47284.0,32661.0,23.6,12.0,367.4106732800588
28109,371.0,7896,146.0,195.3,496.8999999999999,40595.0,57261.0,24.5,0.0,0.0
28111,78.0,9833,30.0,181.5,486.0,55830.0,11368.0,17.6,16.0,1407.4595355383533
28113,240.0,2133,89.0,175.6,488.0,45071.0,39644.0,18.9,0.0,0.0
28115,177.0,9923,68.0,179.8,476.5,40945.0,31389.0,25.7,37.0,1178.7568893561438
28117,154.0,5466,62.0,179.8,472.3,51086.0,24792.0,17.6,0.0,0.0
28119,46.0,3951,22.0,235.4,509.8,49217.0,5701.0,16.8,0.0,0.0
28121,790.0,1749,247.0,135.9,435.1,40255.0,158979.0,31.4,101.0,635.304033866108
28123,154.0,15716,63.0,190.8,464.0,72906.0,27707.0,10.3,0.0,0.0
28125,27.0,6264,14.0,235.09999999999997,435.69999999999993,45764.0,3488.0,22.800000000000004,0.0,0.0
28127,161.0,1203,56.0,158.6,453.9,36375.0,25587.0,35.1,1.0,39.0823465040841
28129,101.0,4117,33.0,140.9,463.2,50994.0,14092.0,16.4,2.0,141.9244961680386
28131,105.0,2411,43.0,205.5,465.2,51746.0,18669.0,17.3,0.0,0.0
28133,144.0,3164,67.0,239.8,501.7,54283.0,24811.0,18.2,0.0,0.0
28135,76.0,6688,33.0,199.9,464.0,38423.0,12035.0,32.3,8.0,664.7278770253427
28137,161.0,3214,64.0,182.6,456.5,39009.0,28296.0,31.1,0.0,0.0
28139,128.0,5004,53.0,195.8,466.9,58623.0,21431.0,18.5,12.0,559.9365405254072
28141,148.0,3335,54.0,192.3,538.5,52635.0,18619.0,16.0,5.0,268.54288629894194
28143,52.0,2724,23.0,228.5,518.0,51652.0,9458.0,14.9,0.0,0.0
28145,167.0,2610,69.0,195.7,481.5,37694.0,28125.0,27.9,7.0,248.88888888888889
28147,95.0,3852,35.0,167.1,478.8,56050.0,13761.0,13.8,0.0,0.0
28149,246.0,2614,104.0,180.3,426.5,40828.0,42649.0,19.2,0.0,0.0
28151,273.0,8250,119.0,216.1,492.6,52117.0,42514.0,19.6,5.0,117.60831726019664
28153,114.0,11375,43.0,163.2,441.6000000000001,39690.0,19681.0,27.3,0.0,0.0
28155,58.0,5115,21.0,163.3,449.69999999999993,43562.0,9993.0,26.1,0.0,0.0
28157,55.0,1887,25.0,212.0,474.0,51249.0,8143.0,19.2,20.0,2456.0972614515535
28159,110.0,2238,42.0,158.4,426.6,36798.0,17543.0,31.3,5.0,285.0139656843185
28161,94.0,3734,39.0,207.8,526.9,50082.0,12364.0,21.9,8.0,647.0397929472663
29101,234.0,20356,87.0,160.6,440.7,78297.0,54368.0,9.0,5.0,91.96586227192466
29103,23.0,6941,10.0,175.0,396.2,60086.0,3776.0,13.6,0.0,0.0
29105,206.0,577,91.0,191.1,442.2,49552.0,36313.0,15.6,0.0,0.0
29107,202.0,5375,82.0,173.3,450.7,53224.0,32961.0,15.0,6.0,182.03331209611358
29109,210.0,3568,94.0,178.9,417.30000000000007,70457.0,38683.0,11.0,0.0,0.0
29111,63.0,5072,21.0,148.5,492.6,58031.0,9891.0,13.3,1.0,101.1020119300374
29113,311.0,1204,107.0,171.6,484.2,57053.0,63155.0,13.6,0.0,0.0
29115,80.0,6143,35.0,188.0,443.9,77913.0,11820.0,9.9,0.0,0.0
29117,91.0,1564,41.0,185.8,453.8,52831.0,14402.0,13.5,0.0,0.0
29119,119.0,1896,56.0,207.7,425.6,56654.0,23588.0,14.5,0.0,0.0
29121,102.0,3689,44.0,184.0,463.7,50100.0,15049.0,15.8,2.0,132.89919595986444
29123,90.0,2074,38.0,208.2,531.0,52847.0,12753.0,14.0,2.0,156.8258448992394
29125,47.0,2228,23.0,161.7,344.6,47068.0,8431.0,18.1,86.0,10200.450717589847
29127,189.0,1290,72.0,186.8,523.8,54815.0,28438.0,15.5,13.0,457.13481960756735
29129,27.0,3378,11.0,196.90000000000003,492.9,57635.0,3437.0,12.400000000000002,0.0,0.0
29131,150.0,509,55.0,155.2,435.2,49715.0,25403.0,15.1,2.0,78.73085856001259
29133,97.0,3142,38.0,209.4,545.7,61711.0,11688.0,12.6,0.0,0.0
29135,80.0,2710,29.0,147.1,424.3,42364.0,15220.0,24.8,7.0,459.9211563731932
29137,64.0,1655,26.0,177.9,475.8,64519.0,8652.0,11.4,5.0,577.9010633379565
29139,90.0,1162,35.0,195.2,557.1,50276.0,11470.0,13.7,2.0,174.3679163034002
29141,150.0,1660,64.0,188.6,471.8,56538.0,21785.0,14.9,1.0,45.90314436538903
29143,116.0,4121,52.0,207.0,480.6,51700.0,15695.0,19.3,0.0,0.0
29145,334.0,2653,146.0,184.8,430.6,48162.0,60011.0,17.3,72.0,1199.7800403259403
29147,104.0,8726,38.0,148.4,438.4,57423.0,20670.0,14.8,0.0,0.0
29149,62.0,3332,29.0,161.1,389.9,57507.0,8732.0,17.4,1.0,114.52130096197892
29151,83.0,1786,26.0,145.4,467.9,45273.0,13399.0,20.8,4.0,298.52974102544965
29153,70.0,1088,30.0,167.6,423.0,69094.0,8940.0,8.3,0.0,0.0
29155,89.0,1869,51.0,237.0,433.2,44242.0,14841.0,21.1,0.0,0.0
29157,123.0,4356,42.0,155.8,468.6000000000001,38456.0,18858.0,30.0,0.0,0.0
29159,247.0,2138,104.0,190.1,465.1000000000001,63127.0,43353.0,11.5,4.0,92.26581782114272
29161,240.0,5526,94.0,172.3,455.2,58827.0,45313.0,13.1,85.0,1875.8413700262618
29163,112.0,6676,43.0,176.3,468.9,54740.0,17664.0,15.7,0.0,0.0
29165,479.0,2438,158.0,136.3,405.4,59081.0,110534.0,15.0,70.0,633.2893046483435
29167,161.0,9020,66.0,153.9,397.6,93925.0,32693.0,8.3,38.0,1162.3283271648365
29169,197.0,5592,67.0,175.1,488.7,53693.0,53941.0,17.7,1.0,18.538773845497857
29171,34.0,5331,15.0,185.4,443.4,61718.0,4666.0,12.3,0.0,0.0
29173,64.0,752,26.0,162.5,408.9,49532.0,10420.0,16.4,0.0,0.0
29175,148.0,967,66.0,210.3,482.4,65016.0,24622.0,9.4,4.0,162.45633985866297
29177,138.0,3777,61.0,186.0,434.2,48762.0,23107.0,16.8,0.0,0.0
29179,45.0,2876,16.0,153.9,447.7,70506.0,6006.0,12.6,0.0,0.0
29181,91.0,1268,42.0,198.3,466.8,44409.0,10703.0,21.8,1.0,93.4317481080071
29183,2120.0,2361,672.0,141.9,447.4,41587.0,413803.0,22.2,59.0,142.5799232968345
29185,64.0,21209,31.0,167.4,397.8,98925.0,9576.0,5.2,0.0,0.0
29186,120.0,1855,41.0,150.4,468.9,45174.0,18644.0,19.8,60.0,3218.193520703712
29187,436.0,1801,180.0,212.8,523.4,63786.0,66969.0,10.1,32.0,477.83302722155025
29189,6038.0,11489,2091.0,151.8,459.7,48574.0,990414.0,18.9,356.0,359.44564596219357
29195,131.0,101623,54.0,173.0,431.4,79609.0,23007.0,10.5,5.0,217.32516190724562
29197,24.0,3188,10.0,160.2,385.9,54623.0,4002.0,15.3,0.0,0.0
29199,19.0,599,12.0,173.8,289.5,49508.0,4643.0,15.2,0.0,0.0
29201,260.0,527,89.0,170.2,515.2,54961.0,37840.0,11.6,80.0,2114.1649048625795
29203,46.0,6247,23.0,178.09999999999997,364.9,57678.0,7193.0,16.8,1.0,139.02405116085083
29205,44.0,1523,16.0,162.8,510.7,39671.0,5982.0,21.4,4.0,668.6726847208291
29207,209.0,875,84.0,194.3,510.0,54264.0,28377.0,15.2,3.0,105.7194206575748
29209,245.0,4201,94.0,147.9,398.8,53391.0,32136.0,15.1,29.0,902.4147373661937
29211,31.0,4113,14.0,161.4,353.1,56418.0,5840.0,12.9,0.0,0.0
29213,345.0,891,126.0,146.7,427.2,52384.0,56821.0,15.6,38.0,668.7668291652734
29215,149.0,7332,68.0,170.09999999999997,403.0,53009.0,25336.0,13.5,0.0,0.0
29217,109.0,4533,50.0,167.2,377.3,46622.0,19651.0,19.3,46.0,2340.847794005394
29219,202.0,3336,69.0,146.3,435.9,51900.0,37260.0,17.6,10.0,268.3843263553409
29221,144.0,3063,62.0,193.6,441.69999999999993,74355.0,23441.0,8.3,60.0,2559.6177637472806
29223,90.0,4376,40.0,182.8,426.3,47636.0,10792.0,19.6,0.0,0.0
29225,203.0,2693,80.0,173.5,437.6000000000001,41724.0,40335.0,25.399999999999995,0.0,0.0
29227,14.0,6229,7.0,182.4,452.7,59784.0,1955.0,15.7,0.0,0.0
29229,117.0,315,47.0,176.9,461.5,48397.0,19156.0,16.4,2.0,104.40593025683859
30101,24.0,821,11.0,165.3,371.5,57054.0,5082.0,13.2,0.0,0.0
30105,54.0,94,16.0,125.7,491.6,60454.0,7513.0,12.4,0.0,0.0
30107,18.0,863,5.0,137.3,503.2,79703.0,2032.0,11.7,0.0,0.0
31101,60.0,536,23.0,159.0,418.3999999999999,74686.0,8269.0,8.1,0.0,0.0
31105,20.0,164,13.0,205.9,363.2,51579.0,3315.0,20.9,0.0,0.0
31107,52.0,414,19.0,123.3,406.5,55797.0,8336.0,12.8,0.0,0.0
31109,1429.0,1280,472.0,141.9,428.8,54880.0,324756.0,15.6,105.0,323.31966153050286
31111,233.0,38884,83.0,163.4,475.7,68358.0,33685.0,12.5,103.0,3057.7408341991986
31115,1085.571339563863,72,3.0,294.0,461.1118493344661,68723.0,599.0,10.7,0.0,0.0
31119,195.0,56,61.0,137.8,467.9,52774.0,35368.0,15.1,13.0,367.563899570233
31121,51.0,4489,19.0,158.0,461.5,63482.0,7721.0,13.1,0.0,0.0
31123,23.0,697,8.0,106.09999999999998,356.3,68754.0,4527.0,9.2,0.0,0.0
31125,22.0,619,11.0,199.6,448.2,58889.0,3326.0,14.0,0.0,0.0
31127,43.0,371,17.0,168.2,441.1,62863.0,7035.0,11.4,2.0,284.29282160625445
31129,35.0,911,15.0,171.2,473.3,61933.0,4041.0,13.8,0.0,0.0
31131,102.0,435,36.0,145.3,471.1,57278.0,16198.0,10.9,0.0,0.0
31133,17.0,1576,7.0,144.2,389.8,70433.0,2528.0,9.9,3.0,1186.7088607594937
31135,19.0,328,8.0,160.4,447.3999999999999,55584.0,2829.0,13.199999999999998,0.0,0.0
31137,56.0,299,23.0,157.90000000000003,440.19999999999993,67296.0,8988.0,10.7,16.0,1780.1513128615932
31139,37.0,831,14.0,138.7,376.6,66287.0,7332.0,9.5,13.0,1773.049645390071
31141,189.0,681,65.0,149.7,458.2,70906.0,34296.0,9.4,0.0,0.0
31143,33.0,3361,11.0,123.9,447.8,67132.0,5166.0,9.9,0.0,0.0
31145,70.0,397,29.0,171.9,449.4,70813.0,10573.0,7.8,0.0,0.0
31147,64.0,1199,25.0,167.9,488.20000000000005,60108.0,7705.0,11.7,2.0,259.57170668397146
31149,10.0,960,3.0,114.8,393.2,56121.0,1245.0,12.8,0.0,0.0
31151,82.0,172,27.0,162.5,509.3,55648.0,14116.0,14.1,0.0,0.0
31153,855.0,1237,247.0,144.7,473.2,72948.0,196553.0,9.0,44.0,223.85819600820136
31155,136.0,11259,47.0,153.9,470.1,98619.0,23118.0,5.799999999999999,6.0,259.5380223202699
31157,213.0,1687,76.0,150.9,445.6,86179.0,35603.0,7.4,12.0,337.05024857455834
31159,84.0,5280,36.0,163.2,395.8,56853.0,17692.0,15.300000000000002,0.0,0.0
31161,33.0,1253,15.0,143.9,386.3,77778.0,4996.0,7.599999999999999,1.0,200.16012810248196
31163,22.0,709,8.0,127.2,446.1,55388.0,2980.0,14.6,0.0,0.0
31167,20.0,181,10.0,120.2,256.5,60806.0,5717.0,16.1,13.0,2273.919888053175
31169,38.0,461,14.0,153.0,507.2,75068.0,4885.0,8.2,0.0,0.0
31173,32.0,90,16.0,242.1,479.1,58818.0,6507.0,13.5,0.0,0.0
31175,33.0,1256,10.0,132.9,483.2,57129.0,4073.0,19.7,0.0,0.0
31177,127.0,516,44.0,159.1,465.1,55050.0,21167.0,12.8,47.0,2220.4374734256153
31179,38.0,1493,14.0,124.4,351.4,87368.0,9871.0,7.1,13.0,1316.9891601661434
31181,28.0,1135,13.0,214.5,499.7,65664.0,3336.0,13.3,0.0,0.0
36101,638.0,4264,232.0,166.6,476.30000000000007,65354.0,92599.0,13.599999999999998,0.0,0.0
36103,9997.0,11667,2742.0,139.2,522.0,60558.0,1525465.0,12.8,209.0,137.00740429967257
36105,465.0,100921,173.0,164.2,447.4,119253.0,79658.0,6.8,16.0,200.85867081774586
36107,347.0,12527,104.0,140.1,494.6000000000001,63733.0,47772.0,16.4,40.0,837.3105584861424
36109,495.0,4950,152.0,138.8,454.1,76197.0,104777.0,10.5,5.0,47.72039665193697
36111,1169.0,14405,396.0,149.9,458.0,72025.0,182319.0,16.0,7.0,38.39424305749812
36113,515.0,28283,171.0,164.8,515.7,79340.0,65599.0,16.2,40.0,609.7653927651336
36115,443.0,6569,159.0,175.8,505.5,69849.0,60841.0,10.1,0.0,0.0
36117,650.0,6150,215.0,167.4,515.3,67013.0,91125.0,10.6,9.0,98.76543209876543
36119,5767.0,10101,1592.0,120.1,463.3,70917.0,990427.0,11.2,197.0,198.90410903579973
36121,286.0,90385,89.0,165.2,527.5,108037.0,39666.0,9.3,54.0,1361.3674179397974
37101,1077.0,6916,341.0,161.0,479.6,58491.0,234778.0,17.6,2.0,8.518685737164471
37103,75.0,23285,25.0,162.1,502.6,80612.0,9233.0,10.0,84.0,9097.801364670204
37105,367.0,1560,128.0,164.1,480.9,56079.0,65476.0,17.1,0.0,0.0
37107,404.0,10200,141.0,169.5,511.2,58244.0,54633.0,15.8,29.0,530.8147090586276
37109,559.0,11408,182.0,161.8,491.6,46410.0,93095.0,21.3,215.0,2309.4688221709007
37111,347.0,8267,121.0,178.2,518.0,78615.0,44753.0,9.0,1.0,22.3448707349228
37113,288.0,7020,102.0,149.7,456.2,54042.0,38065.0,16.1,0.0,0.0
37115,155.0,4662,50.0,147.9,473.69999999999993,53832.0,21768.0,12.400000000000002,3.0,137.81697905181917
37117,170.0,3121,63.0,166.2,469.9,54137.0,21508.0,15.0,8.0,371.9546215361726
37119,4785.0,4340,1333.0,134.3,449.69999999999993,44445.0,1145392.0,20.4,349.0,304.69917722491516
37121,113.0,115511,43.0,166.6,456.9,80645.0,15094.0,10.3,1.0,66.25149065853981
37123,169.0,2356,63.0,154.0,430.6,53555.0,25894.0,15.699999999999998,33.0,1274.4265080713678
37125,760.0,4139,245.0,143.8,489.0,55313.0,105531.0,16.4,29.0,274.80076944215443
37127,551.0,10220,225.0,175.5,434.6,84458.0,95789.0,9.8,0.0,0.0
37129,1370.0,13636,434.0,144.0,464.0,55406.0,234921.0,14.5,26.0,110.6755036799605
37131,141.0,26876,50.0,146.2,427.7,70995.0,16779.0,11.7,0.0,0.0
37133,813.0,3229,293.0,203.90000000000003,540.4,51550.0,207298.0,19.6,47.0,226.72674121313278
37135,714.0,22869,196.0,129.2,450.80000000000007,62190.0,150477.0,12.400000000000002,291.0,1933.8503558683387
37137,111.0,18594,37.0,148.2,484.7,87780.0,12381.0,13.300000000000002,0.0,0.0
37139,220.0,1799,91.0,176.80000000000004,432.0,59845.0,40938.0,15.5,0.0,0.0
37141,375.0,5922,132.0,159.4,449.4,59066.0,65737.0,15.4,24.0,365.09119673851865
37143,95.0,6779,39.0,152.8,399.2,73663.0,13210.0,10.5,0.0,0.0
37145,281.0,1751,99.0,170.0,494.1,60665.0,39386.0,13.4,0.0,0.0
37147,802.0,5397,270.0,146.2,429.80000000000007,61302.0,173542.0,13.8,45.0,259.3032234271819
37149,162.0,32848,55.0,124.6,413.5,57319.0,19986.0,19.5,33.0,1651.1558090663466
37151,942.0,2546,337.0,175.5,496.5,61585.0,146043.0,13.0,48.0,328.6703231240114
37153,286.0,20479,108.0,178.9,482.7,58037.0,42778.0,14.2,0.0,0.0
37155,686.0,9410,290.0,188.7,447.0,44383.0,116663.0,22.6,4.0,34.28679187060165
37157,660.0,29466,236.0,168.7,489.4,39931.0,91957.0,26.1,22.0,239.24225453200953
37159,919.0,15436,330.0,177.1,496.9,52494.0,149645.0,17.0,160.0,1069.1970998028667
37161,469.0,21651,172.0,166.4,471.1,61105.0,64963.0,14.9,164.0,2524.5139540969476
37163,384.0,10500,151.0,178.19999999999996,467.6000000000001,53485.0,59120.0,16.4,39.0,659.6752368064953
37165,207.0,11707,93.0,198.3,455.0,52248.0,34162.0,20.1,2.0,58.54458169896376
37167,431.0,7420,139.0,160.5,516.6,45996.0,64153.0,24.1,33.0,514.3952737985752
37169,321.0,8046,125.0,175.6,469.3,58642.0,45175.0,12.9,7.0,154.95296070835641
37171,519.0,4683,201.0,184.7,495.7,56259.0,71403.0,10.5,7.0,98.03509656457013
37173,105.0,12242,44.0,216.3,534.5,49524.0,13967.0,17.3,1.0,71.59733657907927
37175,271.0,1846,91.0,127.4,415.5,55462.0,33355.0,13.5,2.0,59.9610253335332
37177,30.0,4362,11.0,168.2,530.6,62173.0,3365.0,13.4,0.0,0.0
37179,1203.0,639,345.0,145.8,475.90000000000003,42514.0,249070.0,19.7,46.0,184.68703577307582
37181,274.0,17565,119.0,197.6,460.9,95079.0,42138.0,7.1,3.0,71.19464616260858
37183,4959.0,8368,1318.0,130.6,453.9,49961.0,1175021.0,20.1,79.0,67.23284094497033
37185,146.0,86727,53.0,152.6,450.0,97099.0,18713.0,7.5,0.0,0.0
37187,87.0,3695,35.0,178.2,440.3,47170.0,10828.0,20.7,0.0,0.0
37189,250.0,2252,77.0,119.89999999999999,393.7,46072.0,55089.0,21.1,1.0,18.152444226615113
37191,736.0,10007,277.0,179.0,485.4,57888.0,117286.0,21.0,92.0,784.4073461453199
37193,426.0,20467,175.0,163.9,415.0,55635.0,65784.0,18.0,20.0,304.02529490453605
37195,469.0,12348,170.0,153.3,431.3,48229.0,78449.0,19.1,20.0,254.94270162780916
37197,234.0,15293,92.0,167.2,437.3,51535.0,37463.0,19.7,0.0,0.0
38101,331.0,1097,91.0,132.0,482.9,67249.0,68870.0,10.7,10.0,145.20110352838682
38103,32.0,6529,13.0,167.7,455.6,72091.0,3930.0,9.8,0.0,0.0
39101,426.0,41912,157.0,179.2,493.0,54774.0,64642.0,19.2,16.0,247.5170941493147
39103,1150.0,10029,345.0,142.9,481.8,59012.0,183512.0,16.9,85.0,463.18496883037625
39105,156.0,12288,65.0,192.1,478.6,89108.0,21969.0,6.8,0.0,0.0
39107,237.0,3969,86.0,155.3,447.9,46393.0,42348.0,18.3,0.0,0.0
39109,655.0,3447,241.0,163.5,465.5,72077.0,110247.0,8.3,80.0,725.6433281631246
39111,105.0,10693,37.0,158.2,494.3999999999999,72887.0,13234.0,9.8,0.0,0.0
39113,3360.0,1823,1237.0,171.5,486.8,56384.0,533892.0,13.9,468.0,876.5817805848374
39115,101.0,74391,41.0,177.5,457.6000000000001,62794.0,13668.0,14.300000000000002,0.0,0.0
39117,204.0,2292,82.0,175.4,431.4,58803.0,35339.0,17.0,140.0,3961.6287953818724
39119,570.0,3783,202.0,174.2,507.4,71835.0,86113.0,10.8,39.0,452.8932913729634
39121,81.0,11524,32.0,128.0,336.2,58791.0,14335.0,13.7,0.0,0.0
39123,336.0,1835,129.0,180.8,496.4,57054.0,39978.0,15.9,38.0,950.5227875331433
39125,114.0,3917,47.0,186.4,444.2,72780.0,18757.0,9.9,4.0,213.25371861171828
39127,225.0,1861,83.0,180.5,484.5,66332.0,35480.0,10.0,39.0,1099.2108229988726
39129,350.0,5445,138.0,195.19999999999996,491.2,60448.0,60023.0,15.5,52.0,866.3345717474967
39131,188.0,5369,75.0,193.0,509.9,75916.0,27005.0,9.6,47.0,1740.418441029439
39133,923.0,5252,338.0,165.4,455.4,55029.0,161745.0,19.7,20.0,123.65142662833472
39135,273.0,19299,108.0,187.6,482.5,72965.0,40596.0,12.4,74.0,1822.839688639275
39137,200.0,4221,63.0,133.4,449.3,67605.0,34334.0,10.5,77.0,2242.6748995165144
39139,793.0,2206,315.0,177.7,475.7,81780.0,125319.0,6.5,77.0,614.4319696135462
39141,507.0,17953,184.0,185.7,507.1000000000001,54906.0,76606.0,15.199999999999998,39.0,509.0985040336266
39143,382.0,9783,146.0,175.1,474.5,60352.0,58667.0,13.7,52.0,886.3586002352259
39145,469.0,6996,200.0,192.5,474.4,62473.0,72194.0,12.1,45.0,623.3204975482727
39147,353.0,15113,132.0,172.5,481.9,48465.0,54632.0,21.8,18.0,329.477229462586
39149,251.0,6258,104.0,164.8,417.5,63221.0,47671.0,12.0,18.0,377.5880514358834
39151,2331.0,4402,912.0,168.0,453.4,72498.0,372657.0,9.3,101.0,271.0267082062057
39153,3181.0,48044,1207.0,163.4,447.8,64557.0,535882.0,13.2,146.0,272.4480389339444
39155,1266.0,66303,497.0,160.6,430.7,66034.0,200643.0,12.6,13.0,64.79169470153457
39157,575.0,31959,232.0,173.3,456.2,54406.0,91937.0,16.2,1.0,10.877013607144022
39159,280.0,10432,88.0,155.4,460.3,59626.0,66898.0,11.5,117.0,1748.931208705791
39161,165.0,3331,67.0,165.5,426.2,104512.0,28769.0,5.2,0.0,0.0
39163,89.0,2634,36.0,211.8,502.0,59377.0,12565.0,9.3,39.0,3103.859928372463
39165,1213.0,2607,372.0,141.7,447.9,51015.0,249778.0,20.9,154.0,616.5474941748272
39167,474.0,13373,159.0,170.0,532.7,104523.0,58901.0,5.5,73.0,1239.367752669734
39169,629.0,8812,238.0,155.0,422.4,59196.0,116559.0,15.3,62.0,531.9194570989799
39171,210.0,11468,95.0,177.9,412.5,70121.0,36652.0,10.2,0.0,0.0
39173,692.0,4368,249.0,163.6,462.7,60983.0,131592.0,12.3,134.0,1018.2989847407136
40101,402.0,1783,176.0,202.4,471.4,60307.0,66354.0,13.5,0.0,0.0
40103,67.0,11939,29.0,175.0,435.1,53035.0,10896.0,19.1,0.0,0.0
40105,70.0,1278,32.0,209.09999999999997,472.30000000000007,61415.0,9483.0,12.0,3.0,316.3555836760519
40107,73.0,1476,40.0,247.6,452.7,54339.0,11134.0,15.7,1.0,89.81498113885397
40109,3683.0,2395,1455.0,172.4,432.6,43544.0,802559.0,23.8,269.0,335.17784985278337
40111,254.0,125992,104.0,197.3,503.5,61580.0,36990.0,16.0,1.0,27.034333603676668
40113,262.0,6844,109.0,159.0,384.4,45754.0,45839.0,19.2,0.0,0.0
40115,200.0,6270,90.0,213.5,500.8,58677.0,30338.0,14.1,72.0,2373.2612565099876
40117,110.0,5806,42.0,182.6,483.6000000000001,47855.0,15757.0,19.8,0.0,0.0
40119,335.0,2618,127.0,165.1,442.5,54690.0,82794.0,16.9,9.0,108.70352924124937
40121,264.0,14232,123.0,193.4,439.7,51236.0,43613.0,19.4,0.0,0.0
40123,223.0,7068,83.0,172.7,481.2,47930.0,38141.0,17.1,0.0,0.0
40125,412.0,5262,174.0,193.8,468.9,56077.0,73533.0,14.1,0.0,0.0
40127,80.0,13444,35.0,187.1,486.8,52695.0,10769.0,19.2,1.0,92.85913269570062
40129,23.0,2344,10.0,174.0,479.0,39267.0,3320.0,22.1,0.0,0.0
40131,530.0,538,201.0,173.6,464.3999999999999,55183.0,98836.0,16.3,0.0,0.0
40133,129.0,10019,66.0,199.5,401.0,72952.0,23351.0,10.3,0.0,0.0
40135,271.0,5672,117.0,209.0,496.1,44114.0,39667.0,25.0,0.0,0.0
40137,281.0,8282,115.0,182.1,464.8,47450.0,43710.0,21.2,1.0,22.878059940517044
40139,82.0,8361,35.0,190.9,414.5,55309.0,20495.0,19.4,12.0,585.5086606489388
40141,42.0,2543,19.0,182.8,420.7,60719.0,6977.0,12.7,0.0,0.0
40143,3417.0,1446,1205.0,165.8,472.2,44333.0,677358.0,21.1,113.0,166.82463335488768
40145,410.0,102568,138.0,139.1,411.1,63442.0,86644.0,15.4,0.0,0.0
40147,318.0,7946,142.0,187.1,450.9,73851.0,53242.0,9.2,3.0,56.346493369895946
40149,60.0,7268,26.0,171.6,417.9,61704.0,10732.0,14.0,0.0,0.0
40151,49.0,1825,19.0,162.0,442.5,54789.0,8587.0,17.4,0.0,0.0
42101,7939.0,3968,3005.0,175.2,462.1,67834.0,1567258.0,8.7,976.0,622.7436707931943
42103,413.0,325746,128.0,138.4,472.3,56385.0,60558.0,21.5,2.0,33.02618976848641
42105,119.0,5417,48.0,171.0,449.8,81886.0,16220.0,9.0,0.0,0.0
42107,1096.0,2399,417.0,192.0,526.8,53935.0,143104.0,15.0,61.0,426.26341681574235
42109,254.0,16576,83.0,140.8,461.9,63680.0,39652.0,12.2,11.0,277.4134974276203
42111,537.0,3635,182.0,149.4,475.7,62382.0,72710.0,9.8,5.0,68.7663320038509
42113,55.0,9781,21.0,178.9,483.2,50516.0,5855.0,14.299999999999999,13.0,2220.3245089666952
42115,288.0,739,112.0,159.4,446.5,59957.0,38074.0,13.1,0.0,0.0
42117,276.0,4219,105.0,161.7,444.6,63413.0,41106.0,11.2,0.0,0.0
42119,266.0,4822,81.0,130.7,457.69999999999993,61190.0,42744.0,12.2,35.0,818.8283735728992
42121,382.0,4022,140.0,162.3,481.4,65521.0,49777.0,11.4,18.0,361.61279305703437
42123,298.0,6772,118.0,175.4,480.6,52449.0,37808.0,13.8,0.0,0.0
42125,1494.0,5002,545.0,170.6,496.7,56707.0,210383.0,13.5,34.0,161.61001601840454
42127,357.0,23615,135.0,153.1,422.5,70751.0,51173.0,11.5,2.0,39.083110233912414
42129,2388.0,6205,943.0,158.5,436.30000000000007,56973.0,352057.0,12.8,59.0,167.58649877718665
42131,194.0,33697,69.0,165.1,483.1000000000001,71152.0,26014.0,9.7,4.0,153.7633581917429
46101,36.0,18266,12.0,132.6,404.8,75623.0,6349.0,9.2,0.0,0.0
46103,620.0,5529,219.0,150.9,430.6,40683.0,114461.0,42.3,36.0,314.51760861778246
46105,15.0,15784,9.0,159.40000000000003,320.4,67573.0,2804.0,14.3,0.0,0.0
46107,20.0,427,6.0,117.5,554.0,57148.0,2438.0,15.5,0.0,0.0
46109,52.0,235,22.0,150.7,379.1,72374.0,10163.0,9.8,0.0,0.0
46111,16.0,1727,4.0,115.2,497.1000000000001,57788.0,2415.0,17.4,0.0,0.0
46115,45.0,316,15.0,139.9,470.8,63266.0,6235.0,13.6,0.0,0.0
46117,20.0,722,7.0,146.5,462.8,61513.0,2999.0,12.1,0.0,0.0
46121,29.0,111,16.0,258.3,447.1,76192.0,9220.0,7.6,0.0,0.0
46123,37.0,3598,14.0,136.3,436.5,41862.0,5565.0,39.5,0.0,0.0
46125,53.0,1053,20.0,154.0,451.8,55946.0,8856.0,19.8,2.0,225.8355916892502
46127,107.0,724,34.0,163.1,528.1,74511.0,17063.0,8.3,34.0,1992.615601008029
46129,33.0,1020,14.0,138.4,401.0,85677.0,5265.0,6.0,0.0,0.0
46135,136.0,785,41.0,118.9,438.7,57100.0,23373.0,15.1,1.0,42.78440936122877
47101,90.0,6112,35.0,190.7,505.8999999999999,55562.0,12957.0,13.6,0.0,0.0
47103,173.0,1841,85.0,169.8,359.9,53189.0,36004.0,14.4,6.0,166.64815020553272
47105,416.0,4966,141.0,149.1,460.1,61591.0,58181.0,13.9,7.0,120.31419191832386
47107,358.0,5881,143.0,182.5,471.9,79683.0,54719.0,10.2,0.0,0.0
47109,170.0,8003,78.0,203.0,457.0,60950.0,25988.0,14.899999999999999,5.0,192.39649068800983
47111,156.0,4424,60.0,203.7,530.8,49706.0,26229.0,17.3,0.0,0.0
47113,549.0,3793,215.0,169.2,439.40000000000003,56817.0,99245.0,14.700000000000001,8.0,80.6085948914303
47115,206.0,14152,74.0,175.5,506.3,57070.0,29094.0,14.9,0.0,0.0
47117,218.0,4000,78.0,183.90000000000003,514.0,58686.0,35878.0,13.900000000000002,3.0,83.61670104242154
47119,581.0,3905,201.0,172.6,494.1,64013.0,108159.0,11.0,2.0,18.49129522277388
47121,92.0,11092,38.0,215.8,531.3,70225.0,13272.0,10.400000000000002,1.0,75.34659433393611
47123,335.0,2176,138.0,202.9,491.0,54257.0,47740.0,16.6,0.0,0.0
47125,780.0,7002,292.0,185.2,457.9,56047.0,235201.0,14.9,0.0,0.0
47127,40.0,25722,13.0,132.8,408.7,67478.0,6742.0,11.199999999999998,5.0,741.6196974191635
47129,131.0,664,53.0,186.0,446.8,68086.0,21224.0,10.0,0.0,0.0
47131,208.0,3253,81.0,176.4,476.5,59967.0,30394.0,16.9,0.0,0.0
47133,149.0,5068,78.0,241.8,464.8,50159.0,23044.0,16.9,11.0,477.34768269397676
47135,55.0,3444,26.0,211.7,465.6,52108.0,8685.0,15.1,0.0,0.0
47137,34.0,1438,15.0,159.9,377.0,46448.0,5107.0,16.9,0.0,0.0
47139,118.0,810,53.0,205.5,473.0,47932.0,17863.0,16.1,3.0,167.94491406818565
47141,423.0,2717,172.0,177.5,448.5,55146.0,82382.0,15.4,11.0,133.52431356364255
47143,228.0,15140,90.0,198.8,512.4,54996.0,33730.0,19.1,1.0,29.647198339756894
47145,387.0,4752,152.0,168.9,456.3,59207.0,55082.0,14.4,7.0,127.0832576885371
47147,404.0,7203,149.0,180.5,477.0,63430.0,75470.0,13.2,2.0,26.50059626341593
47149,1357.0,6825,452.0,163.1,448.4,77326.0,360619.0,9.1,27.0,74.871263022747
47151,131.0,33552,63.0,219.4,474.5,77320.0,22035.0,9.4,0.0,0.0
47153,98.0,4675,32.0,144.5,461.6,44599.0,16909.0,21.5,0.0,0.0
47155,693.0,2889,252.0,183.3,506.1,56264.0,98789.0,17.5,43.0,435.2711334257863
47157,4500.0,11335,1695.0,169.30000000000004,438.5,59530.0,916371.0,11.6,298.0,325.19579951788086
47159,124.0,150180,47.0,186.9,481.9,61452.0,20489.0,16.6,5.0,244.0333837668993
47161,95.0,2551,41.0,208.6,483.7,63960.0,14035.0,12.6,1.0,71.25044531528322
47163,1122.0,1814,432.0,174.80000000000004,477.8999999999999,60242.0,160820.0,13.1,47.0,292.25220743688595
47165,1064.0,24274,371.0,163.8,464.6,54361.0,203858.0,15.3,25.0,122.6343827566247
47167,346.0,15086,137.0,196.6,479.6,87453.0,61656.0,7.5,3.0,48.657065005838845
47169,64.0,8453,20.0,181.6,561.5,68778.0,12111.0,13.9,1.0,82.5695648583932
47171,122.0,1609,57.0,191.6,444.5,58584.0,17674.0,16.7,9.0,509.2225868507412
47173,127.0,2624,50.0,185.0,475.9,52260.0,20452.0,15.099999999999998,0.0,0.0
47175,40.0,3281,18.0,193.4,422.8,51169.0,6429.0,16.2,0.0,0.0
47177,252.0,969,105.0,193.7,471.9,50260.0,42026.0,15.3,0.0,0.0
47179,767.0,6223,298.0,169.6,448.4,52520.0,136172.0,15.0,30.0,220.30960843638925
47181,105.0,18496,44.0,179.7,447.1,64270.0,16308.0,14.1,0.0,0.0
47183,204.0,2792,81.0,178.4,472.9,48321.0,33063.0,19.7,0.0,0.0
47185,185.0,5568,74.0,183.0,481.1,49815.0,28064.0,18.0,0.0,0.0
47187,1125.0,4567,296.0,122.09999999999998,439.7,49411.0,260815.0,16.4,33.0,126.52646511895405
48101,8.0,8818,4.0,155.8,390.8,63428.0,1307.0,12.2,0.0,0.0
48103,17.0,263,9.0,194.1,380.9,45351.0,4546.0,20.2,0.0,0.0
48105,18.0,506,8.0,186.3,409.6,67889.0,2943.0,11.4,0.0,0.0
48107,26.0,457,11.0,142.2,357.4,71851.0,4998.0,15.8,0.0,0.0
48111,25.0,432,9.0,141.3,378.5,52160.0,7241.0,20.1,0.0,0.0
48113,10233.0,801,3387.0,146.3,417.1,61636.0,2600840.0,11.1,732.0,281.4475323357069
48115,60.0,364132,24.0,163.7,431.1,70871.0,12130.0,14.2,0.0,0.0
48117,73.0,2339,28.0,148.9,400.7,48801.0,18377.0,22.2,3.0,163.24753768297327
48119,40.0,3071,18.0,225.4,517.2,55565.0,5406.0,16.9,12.0,2219.7558268590456
48121,3301.0,888,885.0,123.5,412.6,54587.0,977281.0,16.6,100.0,102.3247152047364
48123,119.0,75587,59.0,195.4,423.0,102711.0,19772.0,7.800000000000001,0.0,0.0
48125,14.0,3599,6.0,188.1,455.2,55525.0,1726.0,19.8,0.0,0.0
48127,40.0,279,16.0,128.9,348.8,47074.0,8387.0,16.2,3.0,357.69643495886487
48129,18.0,2057,9.0,175.3,341.5,44312.0,3339.0,25.1,1.0,299.4908655286014
48131,48.0,537,25.0,171.3,352.3,44866.0,9888.0,17.9,0.0,0.0
48133,113.0,2426,47.0,163.6,415.6,40539.0,17944.0,27.0,0.0,0.0
48135,599.0,2567,226.0,173.4,434.6,53351.0,160869.0,14.9,7.0,43.513666399368425
48137,10.0,25752,6.0,187.9,340.7,64868.0,1422.0,16.2,0.0,0.0
48139,854.0,291,289.0,159.8,451.9,50752.0,212182.0,20.7,5.0,23.56467560867557
48141,3277.0,18830,1070.0,131.6,399.7,89314.0,868763.0,9.0,27.0,31.07867162851088
48143,174.0,179428,63.0,141.1,389.3,53441.0,43895.0,21.0,0.0,0.0
48145,96.0,5198,41.0,171.5,413.8,60093.0,17049.0,12.9,0.0,0.0
48147,224.0,3247,84.0,169.0,473.7,47534.0,37125.0,21.4,52.0,1400.6734006734007
48149,160.0,4662,58.0,122.9,383.6,60959.0,24913.0,13.7,0.0,0.0
48151,26.0,2651,10.0,141.4,453.0,70476.0,3622.0,10.8,0.0,0.0
48153,29.0,612,12.0,144.0,391.8,57867.0,5235.0,16.9,0.0,0.0
48155,9.0,1106,3.0,189.0,541.5,45784.0,1057.0,21.3,0.0,0.0
48157,2908.0,174,806.0,116.3,377.1,47657.0,889146.0,17.0,34.0,38.23893938678237
48159,75.0,69965,28.0,177.6,485.7,105583.0,10618.0,7.900000000000001,1.0,94.17969485778866
48161,122.0,1444,49.0,172.3,441.2,56623.0,19950.0,13.7,0.0,0.0
48163,64.0,2874,30.0,161.2,346.5,56372.0,17815.0,15.7,2.0,112.26494527083918
48165,56.0,3706,23.0,154.1,337.4,46769.0,22181.0,24.6,0.0,0.0
48167,1697.0,3239,649.0,171.2,436.7,62465.0,357117.0,14.7,80.0,224.01621877423926
48169,21.0,47446,9.0,144.1,343.0,75947.0,6262.0,13.5,0.0,0.0
48171,206.0,1073,73.0,131.5,437.5,50255.0,27477.0,26.6,3.0,109.18222513374823
48175,46.0,106,19.0,161.3,390.7,96533.0,7131.0,9.1,0.0,0.0
48177,103.0,1025,44.0,165.9,404.5,62841.0,19832.0,14.5,0.0,0.0
48179,110.0,3011,42.0,149.9,411.5,57523.0,21015.0,15.4,0.0,0.0
48181,795.0,3244,308.0,173.0,457.0,50648.0,143131.0,16.7,33.0,230.55802027513258
48183,704.0,15629,249.0,170.9,492.8,66141.0,125443.0,11.1,15.0,119.57622186969381
48185,168.0,19744,65.0,167.3,442.0,60932.0,30754.0,16.2,3.0,97.54828640176888
48187,728.0,4386,258.0,147.3,403.5,61188.0,182760.0,15.5,9.0,49.24491135915955
48189,142.0,17172,58.0,162.3,402.3,86043.0,31827.0,9.5,0.0,0.0
48191,17.0,6435,6.0,117.5,350.7,49571.0,2810.0,21.5,1.0,355.87188612099646
48193,56.0,643,30.0,216.4,423.8,40677.0,8298.0,23.1,0.0,0.0
48195,24.0,1118,10.0,163.4,400.3,59753.0,5151.0,13.7,1.0,194.1370607649
48197,24.0,574,9.0,151.1,417.3,69064.0,3516.0,11.3,0.0,0.0
48199,321.0,572,120.0,164.9,450.2,49539.0,57811.0,16.3,0.0,0.0
48201,16988.0,7590,5610.0,139.4,393.9,70432.0,4780913.0,13.2,1319.0,275.8887266929978
48203,388.0,775281,133.0,153.1,461.0,68748.0,69955.0,16.4,25.0,357.3725966692874
48205,21.0,10570,8.0,130.9,319.5,64636.0,5208.0,15.7,6.0,1152.073732718894
48207,35.0,389,17.0,179.3,438.4,84165.0,5403.0,9.0,2.0,370.16472330186934
48209,865.0,996,263.0,140.8,423.9,48587.0,269225.0,20.4,11.0,40.85801838610828
48211,13.0,25751,6.0,148.3,305.9,89074.0,3217.0,9.9,0.0,0.0
48213,603.0,350,223.0,173.1,487.3,73212.0,84511.0,11.2,0.0,0.0
48215,2612.0,10798,841.0,111.8,344.0,62843.0,888367.0,13.0,30.0,33.76982710974181
48217,240.0,240721,100.0,187.0,465.4,48825.0,37329.0,27.4,0.0,0.0
48219,106.0,5714,40.0,158.0,416.3,57566.0,21161.0,15.6,0.0,0.0
48221,450.0,3104,154.0,148.1,459.9,56923.0,66373.0,14.9,0.0,0.0
48223,222.0,6447,81.0,162.9,468.0,75545.0,37804.0,9.8,0.0,0.0
48225,147.0,4779,59.0,159.2,421.8,64249.0,21950.0,12.8,1.0,45.558086560364465
48227,154.0,3924,58.0,150.4,394.9,49741.0,33672.0,20.1,0.0,0.0
48229,15.0,4813,6.0,112.1,300.9,59598.0,3432.0,17.0,1.0,291.3752913752914
48231,520.0,863,208.0,175.1,439.6,39582.0,108282.0,35.7,0.0,0.0
48233,123.0,13548,46.0,173.2,465.4,68019.0,20215.0,12.9,1.0,49.46821667078902
48235,10.0,2359,4.0,150.3,413.2,65019.0,1530.0,11.9,0.0,0.0
48237,39.0,131,16.0,142.8,341.8,77768.0,8922.0,8.6,0.0,0.0
48239,83.0,1237,35.0,175.4,438.7,54132.0,15142.0,15.8,0.0,0.0
48241,235.0,2233,86.0,170.4,479.7,61953.0,32484.0,15.2,0.0,0.0
48243,9.0,6202,5.0,89.3,174.4,50763.0,1903.0,19.4,0.0,0.0
48245,1216.0,254,453.0,154.7,420.9,58285.0,250830.0,13.3,16.0,63.78822309931029
48247,19.0,44645,11.0,186.9,329.4,55065.0,4763.0,18.8,0.0,0.0
48249,187.0,1263,75.0,160.2,408.1,43782.0,38826.0,26.9,0.0,0.0
48251,898.0,9541,322.0,171.8,470.0,48252.0,195506.0,24.800000000000004,11.0,56.264257874438634
48253,97.0,19258,39.0,165.3,413.0,76747.0,19935.0,10.0,5.0,250.81514923501376
48255,63.0,3224,27.0,153.7,372.0,51894.0,14836.0,22.0,0.0,0.0
48257,601.0,2296,221.0,178.4,464.3,61860.0,172366.0,19.5,1.0,5.801608205794646
48259,237.0,14630,75.0,118.9,380.5,92814.0,48973.0,8.6,1.0,20.41941477957242
48265,375.0,82,152.0,151.0,423.0,58118.0,53741.0,11.8,4.0,74.43106752758601
48267,31.0,6477,15.0,184.1,414.0,59619.0,4422.0,12.5,0.0,0.0
48271,20.0,24,10.0,160.0,335.6,87856.0,3128.0,10.3,0.0,0.0
48273,136.0,563,56.0,186.8,459.0,52609.0,30362.0,21.0,0.0,0.0
48275,22.0,7761,12.0,216.6,434.6,51342.0,3273.0,26.7,0.0,0.0
48277,319.0,613,126.0,181.3,472.1,47207.0,50484.0,19.3,12.0,237.6990729736154
48279,62.0,7422,25.0,147.2,390.6,62620.0,12724.0,15.0,26.0,2043.3825840930524
48281,144.0,2235,53.0,173.6,486.6,53008.0,22785.0,17.8,1.0,43.88852315119596
48283,26.0,2928,12.0,160.2,343.3,67917.0,6604.0,13.0,0.0,0.0
48285,131.0,1485,53.0,156.6,422.3,40555.0,20589.0,29.0,0.0,0.0
48287,107.0,2521,43.0,180.8,455.8,58400.0,17954.0,12.5,0.0,0.0
48289,116.0,2170,52.0,173.4,410.1,65911.0,16209.0,12.3,0.0,0.0
48291,428.0,2265,171.0,194.5,464.4,56749.0,101992.0,14.0,4.0,39.218762255863204
48293,132.0,19323,53.0,167.6,418.7,61880.0,22253.0,19.9,0.0,0.0
48295,15.0,3972,5.0,119.8,379.8,51357.0,2854.0,18.7,0.0,0.0
48297,65.0,383,25.0,134.7,375.5,70236.0,11428.0,13.6,0.0,0.0
48299,167.0,1892,73.0,147.5,376.7,58576.0,22540.0,19.2,1.0,44.36557231588288
48303,1289.0,2,463.0,153.7,429.4,94716.0,317561.0,3.9,41.0,129.1090530638208
48305,33.0,52929,16.0,207.4,458.8,59138.0,5724.0,17.3,1.0,174.70300489168412
48307,56.0,883,25.0,194.4,467.3,56754.0,7497.0,15.6,0.0,0.0
48309,1222.0,1370,439.0,155.2,441.8,45915.0,266836.0,18.6,18.0,67.45716470041523
48313,64.0,72,29.0,172.1,390.7,67525.0,13661.0,12.6,0.0,0.0
48315,81.0,1915,27.0,148.0,484.8999999999999,53906.0,9560.0,16.7,10.0,1046.0251046025103
48317,26.0,1695,11.0,208.8,474.2,47720.0,5217.0,17.9,0.0,0.0
48319,24.0,710,12.0,148.1,323.0,73315.0,3982.0,13.7,0.0,0.0
48321,206.0,497,89.0,189.8,449.9,59129.0,36125.0,12.5,0.0,0.0
48323,213.0,7106,75.0,143.6,398.8,58380.0,57843.0,19.9,1.0,17.28817661601231
48325,247.0,12535,88.0,136.7,387.3,43407.0,53723.0,21.9,13.0,241.9820188745975
48327,16.0,6070,7.0,151.4,380.3,70313.0,1968.0,11.8,0.0,0.0
48329,568.0,398,216.0,144.6,368.5,44145.0,171999.0,20.6,11.0,63.953860196861605
48331,163.0,19792,60.0,160.2,458.6,81187.0,25628.0,11.6,1.0,39.019822069611365
48333,34.0,4189,15.0,169.2,411.2,54667.0,4500.0,16.6,0.0,0.0
48335,43.0,646,18.0,199.1,455.7,58068.0,8943.0,15.0,0.0,0.0
48337,138.0,1451,57.0,180.3,468.4,48378.0,21063.0,21.5,0.0,0.0
48339,2547.0,3084,873.0,143.4,402.6,57076.0,678490.0,14.800000000000002,53.0,78.11463691432445
48341,74.0,57427,26.0,133.8,376.0,95241.0,20996.0,8.5,7.0,333.3968374928558
48343,90.0,2392,37.0,194.2,494.6,66583.0,12083.0,11.5,15.0,1241.413556236034
48345,9.0,2218,4.0,208.59999999999997,390.30000000000007,49847.0,1032.0,18.5,0.0,0.0
48347,266.0,188,115.0,158.0,375.0,46320.0,64862.0,18.3,1.0,15.417347599518978
48349,271.0,14076,111.0,177.8,435.80000000000007,51708.0,54636.0,23.300000000000004,0.0,0.0
48351,86.0,12232,34.0,166.4,424.3,50822.0,12052.0,22.9,0.0,0.0
48353,86.0,2162,40.0,201.80000000000004,452.2,47804.0,14473.0,18.1,0.0,0.0
48355,1541.0,2605,563.0,138.2,380.9,50579.0,351674.0,18.3,32.0,90.99336317157368
48357,35.0,59461,12.0,135.9,364.7,60250.0,9606.0,17.3,0.0,0.0
48359,8.0,1118,4.0,184.2,297.2,69383.0,1752.0,11.7,4.0,2283.10502283105
48361,474.0,194,191.0,184.0,465.7,66411.0,84934.0,12.3,2.0,23.547695857960296
48363,188.0,11655,72.0,172.8,475.6,63901.0,29239.0,13.8,0.0,0.0
48365,145.0,4549,61.0,184.0,454.7,56809.0,22677.0,15.7,0.0,0.0
48367,831.0,3063,269.0,164.2,498.4,59772.0,165834.0,13.7,5.0,30.150632560271116
48369,35.0,12854,14.0,131.9,338.7,95277.0,9620.0,7.8,2.0,207.9002079002079
48371,59.0,1327,21.0,127.90000000000002,359.0,57786.0,14735.0,13.9,0.0,0.0
48373,425.0,2300,148.0,236.3,633.6,54003.0,53255.0,17.9,0.0,0.0
48375,570.0,9204,217.0,181.5,470.2,58894.0,115645.0,18.7,85.0,735.0079986164556
48377,25.0,21130,8.0,74.7,262.2,51028.0,5939.0,19.5,0.0,0.0
48379,89.0,1354,32.0,155.9,439.0,43666.0,12823.0,23.0,0.0,0.0
48381,665.0,1770,217.0,140.0,430.2,45419.0,146140.0,13.9,81.0,554.2630354454632
48383,14.0,12193,5.0,138.6,395.6000000000001,77066.0,3135.0,8.5,0.0,0.0
48385,21.0,355,11.0,172.1,327.7,83195.0,2840.0,11.300000000000002,0.0,0.0
48387,89.0,457,37.0,169.1,439.9,49467.0,11542.0,16.6,16.0,1386.241552590539
48389,47.0,2200,18.0,122.8,321.0,47081.0,12905.0,19.3,0.0,0.0
48391,42.0,2589,18.0,163.1,403.8,53969.0,6632.0,22.9,0.0,0.0
48395,92.0,76,45.0,185.5,386.2,70814.0,17153.0,9.5,1.0,58.29883985308692
48397,433.0,2993,138.0,140.2,411.6000000000001,57796.0,123208.0,17.6,2.0,16.23271216154795
48399,64.0,5809,26.0,163.4,440.0,124291.0,9859.0,4.7,0.0,0.0
48401,296.0,1550,113.0,166.7,435.0,52729.0,53333.0,16.0,1.0,18.750117188232426
48403,85.0,8322,37.0,171.0,427.9,55085.0,10048.0,17.4,0.0,0.0
48405,58.0,1670,25.0,163.0,403.1,50564.0,7857.0,16.8,0.0,0.0
48407,187.0,1522,69.0,155.4,431.1,49591.0,28348.0,19.9,2.0,70.55171440666008
48409,331.0,4748,128.0,171.0,440.9,57855.0,69954.0,16.8,1.0,14.29510821396918
48411,30.0,11937,14.0,136.6,318.1,62919.0,5824.0,17.2,1.0,171.70329670329673
48413,16.0,978,6.0,154.6,415.6,51350.0,2357.0,18.9,0.0,0.0
48415,75.0,370,32.0,161.8,390.4,54168.0,16686.0,16.0,0.0,0.0
48417,16.0,2326,6.0,109.5,335.6,60387.0,3186.0,15.2,4.0,1255.49278091651
48419,131.0,398,60.0,181.0,401.5,64690.0,24008.0,12.6,1.0,41.65278240586471
48421,9.0,4878,6.0,157.2,248.3,51551.0,2799.0,20.5,1.0,357.27045373347624
48423,1295.0,334,417.0,145.9,464.1,73395.0,241922.0,12.1,85.0,351.35291540248505
48425,54.0,27902,20.0,162.1,447.5,67978.0,9757.0,11.8,0.0,0.0
48427,224.0,868,76.0,133.6,392.9,75568.0,65728.0,9.0,0.0,0.0
48429,57.0,21456,26.0,186.8,442.5,35758.0,9390.0,32.8,0.0,0.0
48433,11.0,167,4.0,190.5,560.2,75895.0,1182.0,12.1,0.0,0.0
48435,20.0,181,8.0,153.7,414.4,53153.0,3217.0,15.8,0.0,0.0
48437,36.0,443,17.0,168.3,394.3,68838.0,6881.0,13.8,0.0,0.0
48439,8693.0,1244,2857.0,149.2,430.0,52148.0,2154595.0,19.9,280.0,129.9548174947032
48441,665.0,225849,257.0,168.0,451.2,76285.0,145163.0,10.6,18.0,123.99853957275613
48445,56.0,126,20.0,137.4,396.7,47969.0,11567.0,18.2,0.0,0.0
48447,8.0,2228,4.0,127.4,278.5,46998.0,1550.0,20.6,1.0,645.1612903225806
48449,142.0,199,56.0,160.09999999999997,396.0,50997.0,31208.0,12.900000000000002,16.0,512.6890540886952
48451,608.0,4934,216.0,155.7,451.19999999999993,58411.0,118892.0,16.0,0.0,0.0
48453,4514.0,15080,1205.0,120.8,405.4,60348.0,1326436.0,13.1,141.0,106.29988932749112
48455,111.0,131687,55.0,205.0,451.80000000000007,95151.0,13996.0,10.099999999999998,1.0,71.44898542440697
48457,134.0,2205,51.0,148.0,416.2,49629.0,20030.0,15.899999999999999,0.0,0.0
48459,260.0,3166,99.0,175.2,469.6,50722.0,42488.0,17.5,0.0,0.0
48461,14.0,6553,6.0,154.2,374.7,59690.0,3152.0,15.6,0.0,0.0
48463,133.0,482,58.0,175.2,433.4,61607.0,24940.0,15.6,2.0,80.1924619085806
48465,205.0,5983,77.0,146.9,410.9,48427.0,47606.0,24.9,0.0,0.0
48467,374.0,9706,141.0,172.3,467.0,52593.0,62859.0,21.3,0.0,0.0
48469,482.0,8488,171.0,156.3,449.8,57706.0,91065.0,13.6,0.0,0.0
48471,407.0,13969,105.0,139.9,519.0,67905.0,78870.0,15.5,1.0,12.679092177000127
48473,222.0,11970,76.0,153.6,435.5,53301.0,61894.0,20.0,1.0,16.156654926164087
48475,48.0,7974,18.0,146.8,389.8,75223.0,10964.0,14.300000000000002,0.0,0.0
48477,210.0,1581,78.0,138.3,405.1,60775.0,36159.0,14.6,0.0,0.0
48479,745.0,4606,270.0,126.0,331.8,66911.0,267780.0,13.5,9.0,33.60967958772127
48481,222.0,55124,89.0,164.09999999999997,424.69999999999993,56289.0,41824.0,20.9,0.0,0.0
48483,32.0,6017,14.0,180.8,453.0,57487.0,4807.0,14.599999999999998,0.0,0.0
48485,700.0,727,280.0,184.5,472.2,55713.0,129978.0,15.3,7.0,53.85526781455324
48487,71.0,18368,28.0,162.2,443.4,56634.0,12491.0,15.5,0.0,0.0
48489,77.0,2025,29.0,129.3,346.69999999999993,52983.0,20143.0,16.6,2.0,99.2900759569081
48491,2505.0,5082,685.0,128.9,439.4,41648.0,671418.0,29.0,31.0,46.17093971266782
48493,242.0,41275,89.0,142.9,394.3,101891.0,52735.0,6.2,0.0,0.0
48495,29.0,5481,10.0,130.3,382.3,79432.0,7306.0,10.5,0.0,0.0
48497,374.0,1009,144.0,182.9,461.4,69775.0,74895.0,14.0,0.0,0.0
48499,361.0,6023,130.0,162.2,456.3999999999999,80096.0,46857.0,8.2,0.0,0.0
48501,34.0,5895,14.0,171.4,419.0,57504.0,7451.0,13.0,0.0,0.0
48503,114.0,1038,51.0,192.0,459.6,62748.0,17962.0,14.1,0.0,0.0
48505,49.0,2792,15.0,109.5,357.9,58297.0,13849.0,15.7,0.0,0.0
51101,1085.571339563863,1904,32.0,152.0,461.1118493344661,100092.0,18492.0,6.9,15.0,811.1615833874108
51103,1085.571339563863,1351,48.0,183.5,461.1118493344661,82715.0,10750.0,7.3,0.0,0.0
51105,1085.571339563863,1489,66.0,178.2,461.1118493344661,60857.0,21982.0,14.2,0.0,0.0
51107,1085.571339563863,4981,378.0,117.0,461.11184933446617,41573.0,432085.0,24.4,169.0,391.1267458949049
51109,1085.571339563863,16440,86.0,162.4,461.1118493344661,167605.0,40116.0,3.8,0.0,0.0
51111,1085.571339563863,4288,33.0,173.4,461.1118493344661,72569.0,12031.0,10.7,8.0,664.948882054692
51113,1085.571339563863,2418,33.0,163.6,461.1118493344661,47660.0,14000.0,21.9,0.0,0.0
51115,1085.571339563863,1469,28.0,145.0,461.11184933446606,71697.0,8490.0,10.7,2.0,235.57126030624264
51117,1085.571339563863,739,98.0,174.30000000000004,461.1118493344661,73827.0,30508.0,8.8,8.0,262.2263012980202
51119,1085.571339563863,5741,38.0,158.6,461.11184933446606,52092.0,10943.0,19.4,2.0,182.76523805172255
51121,1085.571339563863,1293,125.0,130.5,461.1118493344661,68881.0,98915.0,12.2,25.0,252.74225344993175
51125,1085.571339563863,18472,44.0,165.1,461.1118493344661,69668.0,14652.0,21.0,0.0,0.0
51127,1085.571339563863,1864,46.0,166.4,461.1118493344661,66612.0,24986.0,12.8,0.0,0.0
51131,1085.571339563863,1243,40.0,179.7,461.1118493344661,115627.0,11900.0,5.1,0.0,0.0
51133,1085.571339563863,2230,43.0,136.4,461.11184933446617,52783.0,12302.0,19.1,0.0,0.0
51135,1085.571339563863,1634,41.0,187.90000000000003,461.11184933446606,67077.0,15559.0,13.3,0.0,0.0
51137,1085.571339563863,2892,91.0,166.8,461.1118493344661,50756.0,37991.0,21.2,0.0,0.0
51139,1085.571339563863,3820,68.0,180.8,461.11184933446606,81390.0,23750.0,10.099999999999998,0.0,0.0
51141,1085.571339563863,3075,56.0,173.3,461.1118493344661,60061.0,17643.0,13.1,7.0,396.75792098849405
51143,1085.571339563863,2487,158.0,159.5,461.1118493344661,49319.0,59952.0,14.4,6.0,100.08006405124098
51145,1085.571339563863,8407,53.0,135.2,461.11184933446606,49659.0,31489.0,14.400000000000002,1.0,31.757121534504115
51147,1085.571339563863,1702,51.0,181.4,461.1118493344661,105231.0,21927.0,5.6,0.0,0.0
51149,1085.571339563863,3554,58.0,138.3,461.11184933446606,57400.0,43134.0,20.300000000000004,0.0,0.0
51153,1085.571339563863,3863,490.0,129.0,461.11184933446617,76571.0,486943.0,11.4,14.0,28.75079834806127
51155,1085.571339563863,33481,81.0,145.5,461.1118493344661,119051.0,33706.0,6.8999999999999995,53.0,1572.4203405921794
51157,1085.571339563863,4551,17.0,120.8,461.1118493344661,57731.0,7502.0,14.0,1.0,133.29778725673154
51159,1085.571339563863,731,29.0,197.0,461.1118493344661,85575.0,9080.0,9.8,0.0,0.0
51161,1085.571339563863,1226,203.0,136.0,461.11184933446617,60180.0,96914.0,16.3,77.0,794.5188517654829
51163,1085.571339563863,7062,56.0,133.2,461.1118493344661,77010.0,22593.0,7.5,0.0,0.0
51165,1085.571339563863,2677,167.0,141.8,461.1118493344661,64393.0,85397.0,12.1,2.0,23.420026464629906
51167,1085.571339563863,8740,78.0,182.1,461.1118493344661,72921.0,25448.0,10.5,0.0,0.0
51169,1085.571339563863,4645,73.0,193.3,461.1118493344661,49537.0,21476.0,18.4,42.0,1955.671447196871
51171,1085.571339563863,4021,119.0,172.8,461.1118493344661,43743.0,44968.0,19.5,0.0,0.0
51173,1085.571339563863,5498,95.0,192.3,461.11184933446606,65289.0,29449.0,12.4,0.0,0.0
51175,1085.571339563863,5672,42.0,155.8,461.1118493344661,45484.0,17932.0,19.7,1.0,55.766227972339955
51177,1085.571339563863,2469,224.0,150.5,461.11184933446606,61246.0,146688.0,15.0,32.0,218.1500872600349
51179,1085.571339563863,12109,185.0,143.8,461.11184933446617,96322.0,163380.0,8.3,32.0,195.8624066593218
51181,1085.571339563863,8703,18.0,169.3,461.11184933446617,134456.0,6527.0,5.5,0.0,0.0
51183,1085.571339563863,806,31.0,213.6,461.1118493344661,65339.0,10680.0,12.4,0.0,0.0
51185,1085.571339563863,2012,128.0,194.2,461.1118493344661,49340.0,39821.0,23.5,3.0,75.33713367318751
51187,1085.571339563863,6687,92.0,183.5,461.1118493344661,48360.0,41440.0,17.6,0.0,0.0
51191,1085.571339563863,3950,138.0,159.1,461.1118493344661,79949.0,53958.0,9.8,25.0,463.3233255495014
51193,1085.571339563863,5905,57.0,175.6,461.11184933446606,61686.0,18712.0,11.3,0.0,0.0
51195,1085.571339563863,2989,102.0,199.2,461.11184933446617,61545.0,35421.0,16.1,13.0,367.01391829705545
51197,1085.571339563863,7279,78.0,173.9,461.1118493344661,45220.0,28111.0,22.2,4.0,142.29305254170967
51199,1085.571339563863,4392,101.0,119.1,461.1118493344661,47257.0,71341.0,15.7,30.0,420.51555206683395
51510,1085.571339563863,3563,162.0,112.6,461.1118493344661,111346.0,155525.0,5.1,11.0,70.7281787493972
51520,1085.571339563863,13926,49.0,187.2,461.1118493344661,110115.0,16975.0,9.0,25.0,1472.7540500736377
51530,1085.571339563863,3452,17.0,185.6,461.1118493344661,43123.0,6591.0,20.7,0.0,0.0
51540,1085.571339563863,942,58.0,139.4,461.1118493344661,51030.0,45373.0,15.699999999999998,124.0,2732.902827672845
51550,1085.571339563863,9354,418.0,164.4,461.1118493344661,67903.0,252488.0,21.8,74.0,293.08323563892145
51570,1085.571339563863,21696,52.0,202.7,461.1118493344661,87127.0,18294.0,8.7,0.0,0.0
51580,1085.571339563863,1876,22.0,267.3,461.1118493344661,68456.0,5679.0,10.4,0.0,0.0
51590,1085.571339563863,906,118.0,191.8,461.1118493344661,46592.0,42229.0,16.2,5.0,118.40204598735467
51595,1085.571339563863,10935,13.0,168.9,461.1118493344661,40799.0,5481.0,26.8,0.0,0.0
51600,1085.571339563863,1170,57.0,205.4,461.1118493344661,43496.0,24835.0,22.2,107.0,4308.435675458023
51610,1085.571339563863,1861,20.0,131.3,461.1118493344661,122790.0,14586.0,7.599999999999999,28.0,1919.648978472508
51620,1085.571339563863,588,28.0,237.8,461.1118493344661,142513.0,8247.0,4.1,1.0,121.25621438098702
51630,1085.571339563863,1544,35.0,135.3,461.1118493344661,54594.0,28757.0,19.0,32.0,1112.7725423375177
51640,1085.571339563863,3983,33.0,363.1,461.1118493344661,71217.0,6730.0,15.0,0.0,0.0
51650,1085.571339563863,1428,281.0,176.1,461.11184933446617,44706.0,138037.0,22.0,28.0,202.84416497026157
51660,1085.571339563863,19408,59.0,145.7,461.1118493344661,64086.0,51158.0,14.4,2.0,39.09456976425974
51670,1085.571339563863,12480,63.0,230.7,461.1118493344661,56057.0,22962.0,28.5,0.0,0.0
51678,1085.571339563863,4053,18.0,220.8,461.1118493344661,53098.0,7457.0,17.9,0.0,0.0
51680,1085.571339563863,952,159.0,181.3,461.1118493344661,62382.0,79287.0,20.0,15.0,189.186121306141
51683,1085.571339563863,13550,52.0,155.5,461.1118493344661,50494.0,42642.0,19.6,0.0,0.0
51685,1085.571339563863,3864,9.0,80.3,461.1118493344661,97722.0,16703.0,9.1,0.0,0.0
51690,1085.571339563863,1480,48.0,273.9,461.1118493344661,90816.0,13725.0,8.9,1.0,72.85974499089254
51700,1085.571339563863,2743,340.0,182.6,461.11184933446617,41500.0,184306.0,20.6,35.0,189.90157672566275
51710,1085.571339563863,30290,424.0,188.8,461.1118493344661,63350.0,232995.0,17.2,113.0,484.9889482606923
51720,1085.571339563863,39741,11.0,201.0,461.1118493344661,60030.0,3609.0,18.8,13.0,3602.1058464948737
51730,1085.571339563863,725,103.0,262.5,461.1118493344661,41298.0,33394.0,20.3,0.0,0.0
51735,1085.571339563863,7499,29.0,170.5,461.1118493344661,42385.0,12582.0,22.8,22.0,1748.5296455253535
51740,1085.571339563863,692,217.0,196.0,461.11184933446606,109549.0,97029.0,5.6,17.0,175.2053509775428
51750,1085.571339563863,18630,23.0,177.4,461.1118493344661,54843.0,16738.0,19.8,6.0,358.4657665192974
51760,1085.571339563863,3263,356.0,147.8,461.1118493344661,47892.0,229395.0,24.6,175.0,762.8762614703895
51770,1085.571339563863,47338,236.0,187.5,461.1118493344661,58719.0,97847.0,21.600000000000005,44.0,449.68164583482377
51775,1085.571339563863,19041,74.0,207.4,461.1118493344661,50425.0,25523.0,19.9,9.0,352.62312424088077
51790,1085.571339563863,2548,71.0,188.1,461.1118493344661,63676.0,25904.0,10.9,0.0,0.0
51800,1085.571339563863,3031,178.0,171.3,461.1118493344661,61917.0,98537.0,12.4,5.0,50.74236073759096
51810,1085.571339563863,11279,740.0,148.7,461.1118493344661,81858.0,455618.0,11.6,87.0,190.94943571149517
51820,1085.571339563863,44340,62.0,206.9,461.1118493344661,83066.0,22808.0,9.9,0.0,0.0
51830,1085.571339563863,2911,15.0,84.5,461.1118493344661,58527.0,15909.0,12.9,1.0,62.85750204286881
54101,68.0,6752,27.0,197.6,537.1,52540.0,8167.0,17.9,1.0,122.44398187829069
54103,117.0,1911,44.0,170.9,506.9,40598.0,14025.0,23.7,0.0,0.0
54105,38.0,2887,13.0,158.0,446.0,48563.0,5091.0,20.8,0.0,0.0
54107,584.0,950,231.0,183.9,481.4,43441.0,83340.0,18.7,76.0,911.927045836333
55101,1251.0,1717,403.0,161.3,504.0,53883.0,195846.0,12.2,89.0,454.43869162505234
55103,112.0,18463,40.0,131.5,400.6,72331.0,17090.0,9.6,0.0,0.0
55105,1013.0,1969,341.0,163.7,495.8,67086.0,164060.0,11.6,11.0,67.04864074119226
55107,100.0,16659,39.0,163.2,437.0,67430.0,14186.0,10.3,64.0,4511.490201607218
55109,410.0,1843,154.0,157.7,396.1000000000001,56410.0,96017.0,13.199999999999998,80.0,833.1857900163512
55111,383.0,5135,150.0,167.0,443.80000000000007,97589.0,65777.0,5.4,0.0,0.0
55113,141.0,6112,52.0,178.0,501.90000000000003,70484.0,18559.0,9.4,11.0,592.704348294628
55115,261.0,2751,99.0,154.2,432.5,60034.0,40886.0,15.1,42.0,1027.2464902411584
55117,709.0,4608,229.0,143.8,459.8,66733.0,117841.0,11.4,48.0,407.3285189365331
55119,115.0,10828,40.0,132.2,398.3,65008.0,19975.0,9.4,0.0,0.0
55121,189.0,2249,60.0,152.9,483.8,67544.0,30899.0,11.4,5.0,161.81753454804362
55123,204.0,2804,69.0,154.8,470.7,68184.0,31060.0,9.2,62.0,1996.1365099806826
55125,233.0,4560,71.0,150.5,529.8,67812.0,23763.0,14.8,49.0,2062.0292050667003
55127,667.0,2456,220.0,160.5,489.2,63356.0,105380.0,10.4,54.0,512.4312013664832
55129,103.0,10286,55.0,189.2,378.7,73723.0,16911.0,10.0,53.0,3134.054757258589
55131,899.0,1958,236.0,126.5,487.5,59221.0,137688.0,11.7,95.0,689.9657195979315
55133,2686.0,8309,783.0,136.5,485.1,90313.0,410434.0,6.1,468.0,1140.2564115058694
55135,351.0,21345,133.0,162.8,461.5,99525.0,51488.0,5.200000000000001,0.0,0.0
55137,187.0,5552,70.0,165.1,465.29999999999995,65960.0,24999.0,11.0,0.0,0.0
55139,958.0,3571,318.0,146.8,456.30000000000007,55982.0,170718.0,15.0,30.0,175.72839419393387
